policy_id,c00,c01,c02,c03,c04,c05,c06,c07,c08,c09,c10,c11,c12,c13,c14,c15,c16,c17,c18,c19,c20,c21,c22,c23,c24,c25,v00,v01,v02,v03,v04,z00,z01,z02,z03,z04,z05,z06,z07,z08,z09,z10
5977,14340,8943,23,5717,5717,12297,2,11044,2091,6,12711,12445,1,2,0,20,16,0,N,0,0,N,N,,N,N,1000000.0,334.0,0.0,334.0,,湖北省,2016-11-11 00:30:10,2016-11-12 00:00:00,2017-11-11 23:59:59,2016-11-11 00:30:10,,,自动核保通过,2016-11-11 00:30:50,2016-11-11 00:30:51,2017-11-12 01:10:17
2074,12343,6757,23,2095,2095,12335,2,1920,1174,6,12746,12484,1,2,0,20,16,0,N,0,0,N,N,1.0,N,N,1000000.0,279.0,15.792453,263.207547,,江苏省,2016-09-18 21:31:39,2016-09-19 00:00:00,2017-09-18 23:59:59,2016-09-18 21:31:39,,,自动核保通过,2016-09-18 21:33:08,2016-09-18 21:33:08,2017-09-19 03:28:10
15062,3855,14462,0,14907,14907,12709,1,8745,4857,6,13164,12860,0,2,15,25,35,0,N,0,0,N,N,,N,N,1000000.0,474.0,0.0,474.0,,广东省,2017-03-15 11:30:02,2017-03-16 00:00:00,2018-03-15 23:59:59,2017-03-15 11:30:02,,,自动核保通过,2017-03-15 11:30:02,2017-03-15 11:30:02,2018-03-16 02:27:34
6819,14888,9522,23,6742,6742,12796,2,11660,3265,6,13195,12948,1,2,0,20,16,0,N,0,0,N,N,,N,N,1000000.0,474.0,0.0,474.0,,山东省,2016-11-15 16:33:50,2016-11-16 00:00:00,2017-11-15 23:59:59,2016-11-15 16:33:50,,,自动核保通过,2016-11-15 16:34:26,2016-11-15 16:34:27,2017-11-16 02:53:32
6441,14810,9360,23,6355,6355,12569,2,11566,2764,6,12962,12716,1,2,0,20,16,0,N,0,0,N,N,,N,N,1000000.0,799.0,0.0,799.0,,四川省,2016-11-13 16:53:48,2016-11-14 00:00:00,2017-11-13 23:59:59,2016-11-13 16:53:48,,,自动核保通过,2016-11-13 16:54:10,2016-11-13 16:54:10,2017-11-14 02:06:31
11545,2183,12645,0,11571,11570,12663,1,7413,4857,6,13057,12810,0,2,15,25,35,0,N,0,0,N,N,,N,N,1000000.0,799.0,0.0,799.0,,湖北省,2017-02-05 07:51:02,2017-02-06 00:00:00,2018-02-05 23:59:59,2017-02-05 07:51:02,,,自动核保通过,2017-02-05 07:51:02,2017-02-05 07:51:02,2018-02-06 00:47:45
16218,17453,3145,29,15960,15960,12683,2,17333,645,6,13078,12831,1,2,0,36,98,0,N,0,0,N,N,,N,N,3000000.0,466.0,26.377358,439.622642,,广东省,2017-03-27 22:49:34,2017-03-28 00:00:00,2018-03-27 23:59:59,2017-03-27 22:49:34,,1.若以有社会医疗保险身份投保，但未以社会医疗保险身份就诊并结算的，本保险按照应 赔付金额的60%进行赔付。 2.本保单疾病治疗的等待期为30天，扁桃腺、甲状腺、疝气、女性生殖系统疾病的检查与治疗等待期为120天。意外医疗及连续投保无等待期。3.退保手续费率35%。,自动核保通过,2017-03-27 22:49:51,2017-03-27 22:49:51,2018-03-28 00:56:41
2784,12716,7311,23,2677,2677,12678,2,2478,1171,6,13073,12826,1,2,0,20,16,0,N,0,0,N,N,,N,N,1000000.0,349.0,19.754717,329.245283,,新疆维吾尔族自治区,2016-09-28 11:12:22,2016-09-29 00:00:00,2017-09-28 23:59:59,2016-09-28 11:12:22,,,自动核保通过,2016-09-28 11:13:26,2016-09-28 11:13:26,2017-09-29 05:00:51
12186,10585,1440,29,12111,12110,12632,2,15496,2358,6,13044,12797,1,2,0,20,98,0,N,0,0,N,N,,N,N,1000000.0,1269.0,0.0,1269.0,,内蒙古自治区,2017-02-14 21:24:35,2017-02-15 00:00:00,2018-02-14 23:59:59,2017-02-14 21:24:35,,,自动核保通过,2017-02-14 21:24:47,2017-02-14 21:24:47,2018-02-15 00:11:49
6919,14853,9547,23,6860,6860,11842,2,11702,1502,6,12257,12015,1,2,0,20,16,0,N,0,0,N,N,,N,N,1000000.0,349.0,0.0,349.0,,河南省,2016-11-17 18:38:20,2016-11-18 00:00:00,2017-11-17 23:59:59,2016-11-17 18:38:20,,,自动核保通过,2016-11-17 18:38:56,2016-11-17 18:38:56,2017-11-18 01:58:57
13251,8723,19115,8,12977,12977,11805,2,581,4858,6,12219,11960,0,2,23,34,62,0,N,0,0,N,N,,N,N,1000000.0,279.0,0.0,279.0,,江苏省,2017-02-22 16:47:55,2017-02-23 00:00:00,2018-02-22 23:59:59,2017-02-22 16:47:56,,,,2017-02-22 16:47:56,2017-02-22 16:47:56,2018-02-23 02:52:56
6617,14535,9106,23,6062,6062,11796,2,11275,1673,6,12084,11843,1,2,0,20,16,0,N,0,0,N,N,,N,N,1000000.0,587.0,0.0,587.0,,安徽省,2016-11-12 10:54:17,2016-11-13 00:00:00,2017-11-12 23:59:59,2016-11-12 10:54:17,,,自动核保通过,2016-11-12 10:55:03,2016-11-12 10:55:03,2017-11-13 02:06:15
15119,4707,15372,0,14982,14982,11685,1,8772,4857,6,12160,11919,0,2,15,26,35,0,N,0,0,N,N,,N,N,1000000.0,457.0,0.0,457.0,,广西壮族自治区,2017-03-16 02:55:00,2017-03-17 00:00:00,2018-03-16 23:59:59,2017-03-16 02:55:00,,,自动核保通过,2017-03-16 02:55:00,2017-03-16 02:55:00,2018-03-17 00:11:42
14162,3412,13998,0,13999,13999,13635,1,8370,4857,6,14052,13804,0,2,15,25,35,0,N,0,0,N,N,,N,N,1000000.0,349.0,0.0,349.0,,山东省,2017-03-03 14:05:12,2017-03-04 00:00:00,2018-03-03 23:59:59,2017-03-03 14:05:12,,,自动核保通过,2017-03-03 14:05:12,2017-03-03 14:05:12,2018-03-04 04:10:38
13844,16258,2554,29,13133,13133,13711,2,15956,2358,12,14073,13825,1,2,0,36,98,0,N,0,0,N,N,,N,N,3000000.0,616.0,34.867925,581.132075,,辽宁省,2017-02-23 22:47:49,2017-02-23 00:00:00,2018-02-22 23:59:59,2017-02-23 22:47:49,,1.若以有社会医疗保险身份投保，但未以社会医疗保险身份就诊并结算的，本保险按照应 赔付金额的60%进行赔付。 2.本保单疾病治疗的等待期为30天，扁桃腺、甲状腺、疝气、女性生殖系统疾病的检查与治疗等待期为120天。意外医疗及连续投保无等待期。3.退保手续费率35%。,自动核保通过,2017-02-23 00:00:00,2017-02-23 22:48:08,2018-06-13 16:56:00
17100,18149,3616,29,16861,16861,13481,2,17733,3344,6,13899,13629,1,2,0,36,98,0,N,0,0,N,N,,N,N,3000000.0,136.0,7.698113,128.301887,,江西省,2017-04-04 09:59:42,2017-04-05 00:00:00,2018-04-04 23:59:59,2017-04-04 09:59:42,,1.若以有社会医疗保险身份投保，但未以社会医疗保险身份就诊并结算的，本保险按照应 赔付金额的60%进行赔付。 2.本保单疾病治疗的等待期为30天，扁桃腺、甲状腺、疝气、女性生殖系统疾病的检查与治疗等待期为120天。意外医疗及连续投保无等待期。3.退保手续费率35%。,自动核保通过,2017-04-04 10:01:09,2017-04-04 10:01:09,2018-04-05 02:57:14
9103,1166,11550,1,8936,8936,0,2,14316,4858,6,13872,13604,0,2,18,24,50,0,N,0,0,N,N,,N,N,300000.0,363.0,0.0,363.0,,四川省,2016-12-24 19:28:15,2016-12-25 00:00:00,2017-12-24 23:59:59,2016-12-24 19:28:37,,,,2016-12-24 19:28:37,2016-12-24 19:28:37,2017-12-25 03:17:05
15515,4022,14637,0,15352,15353,13462,1,8881,4857,6,13970,13609,0,2,15,25,35,0,N,0,0,N,N,,N,N,1000000.0,428.0,0.0,428.0,,吉林省,2017-03-19 16:17:00,2017-03-20 00:00:00,2018-03-19 23:59:59,2017-03-19 16:17:00,,,自动核保通过,2017-03-19 16:17:00,2017-03-19 16:17:00,2018-03-20 00:13:21
2111,12186,6798,23,2020,2020,13518,2,1927,397,6,13949,13663,1,2,0,20,16,0,N,0,0,N,N,1.0,N,N,1000000.0,349.0,19.754717,329.245283,,四川省,2016-09-19 00:52:57,2016-09-20 00:00:00,2017-09-19 23:59:59,2016-09-19 00:52:57,,,自动核保通过,2016-09-19 00:53:16,2016-09-19 00:53:16,2017-09-20 04:10:09
9812,1485,11874,0,9787,9787,13919,1,6532,4857,6,14351,14101,0,2,15,25,35,0,N,0,0,N,N,,N,N,1000000.0,279.0,0.0,279.0,,河北省,2017-01-06 21:17:01,2017-01-07 00:00:00,2018-01-06 23:59:59,2017-01-06 21:17:01,,,自动核保通过,2017-01-06 21:17:01,2017-01-06 21:17:01,2018-01-07 00:05:00
13630,16836,1991,29,13433,13433,13797,2,16092,2205,10,14150,13900,1,2,0,36,98,0,N,0,0,N,N,,N,N,3000000.0,226.0,12.792453,213.207547,,陕西省,2017-02-26 17:30:37,2017-02-27 00:00:00,2018-02-26 23:59:59,2017-02-26 17:30:37,,1.若以有社会医疗保险身份投保，但未以社会医疗保险身份就诊并结算的，本保险按照应 赔付金额的60%进行赔付。 2.本保单疾病治疗的等待期为30天，扁桃腺、甲状腺、疝气、女性生殖系统疾病的检查与治疗等待期为120天。意外医疗及连续投保无等待期。3.退保手续费率35%。,自动核保通过,2017-02-26 17:31:08,2017-02-26 17:31:08,2018-04-09 11:03:19
17703,18917,4232,0,17469,17469,13759,0,9730,4857,7,14262,14014,1,2,0,37,35,0,N,0,0,N,N,,N,N,3000000.0,136.0,7.698113,128.301887,,上海市,2017-04-12 00:31:03,2017-04-13 00:00:00,2018-04-12 23:59:59,2017-04-12 00:31:03,,Augeas出单-自动核保通过,自动核保通过,2017-04-12 00:31:03,2017-04-12 00:31:03,2018-05-16 19:01:57
16010,17410,3154,29,15705,15705,13032,2,17179,645,6,13448,13205,1,2,0,36,98,0,N,0,0,N,N,,N,N,3000000.0,376.0,21.283019,354.716981,,上海,2017-03-25 00:49:59,2017-03-26 00:00:00,2018-03-25 23:59:59,2017-03-25 00:49:59,,1.若以有社会医疗保险身份投保，但未以社会医疗保险身份就诊并结算的，本保险按照应 赔付金额的60%进行赔付。 2.本保单疾病治疗的等待期为30天，扁桃腺、甲状腺、疝气、女性生殖系统疾病的检查与治疗等待期为120天。意外医疗及连续投保无等待期。3.退保手续费率35%。,自动核保通过,2017-03-25 00:50:49,2017-03-25 00:50:49,2018-03-26 01:06:21
11583,2248,12721,0,11260,11260,13111,1,7326,4857,6,13528,13270,0,2,15,25,35,0,N,0,0,N,N,,N,N,1000000.0,279.0,0.0,279.0,,福建省,2017-02-02 09:00:00,2017-02-03 00:00:00,2018-02-02 23:59:59,2017-02-02 09:00:00,,,自动核保通过,2017-02-02 09:00:00,2017-02-02 09:00:00,2018-02-03 03:31:47
14648,3653,14248,0,14387,14387,13366,1,8579,4857,6,13692,13544,0,2,15,25,35,0,N,0,0,N,N,,N,N,1000000.0,279.0,0.0,279.0,,四川省,2017-03-09 14:31:12,2017-03-10 00:00:00,2018-03-09 23:59:59,2017-03-09 14:31:12,,,自动核保通过,2017-03-09 14:31:12,2017-03-09 14:31:12,2018-03-10 03:02:23
18928,5215,15812,19,18742,18742,13250,1,19097,4857,6,13629,4,0,2,15,20,17,0,N,0,0,N,N,,N,N,1000000.0,349.0,0.0,349.0,,江苏省,2017-04-27 08:07:32,2017-04-28 00:00:00,2018-04-27 23:59:59,2017-04-27 08:07:32,,,自动核保通过,2017-04-27 08:07:32,2017-04-27 08:07:32,2018-04-28 03:08:44
9754,9537,300,23,8934,8934,13272,2,12527,3494,6,13635,13374,1,2,0,20,16,0,N,0,0,N,N,,N,N,1000000.0,279.0,0.0,279.0,,上海,2016-12-22 23:46:35,2016-12-23 00:00:00,2017-12-22 23:59:59,2016-12-22 23:46:35,,,自动核保通过,2016-12-22 23:47:39,2016-12-22 23:47:39,2017-12-23 02:27:21
5268,7151,17574,0,5260,5260,10055,1,4612,4857,6,10387,10208,0,2,15,25,35,0,N,0,0,N,N,,N,N,1000000.0,219.0,0.0,219.0,,江西省,2016-11-06 19:17:02,2016-11-07 00:00:00,2017-11-06 23:59:59,2016-11-06 19:17:02,,,自动核保通过,2016-11-06 19:17:02,2016-11-06 19:17:02,2017-11-07 01:59:11
8706,995,11352,0,8553,8553,10053,1,5903,4857,6,10385,10206,0,2,15,25,35,0,N,0,0,N,N,,N,N,1000000.0,474.0,0.0,474.0,,湖北省,2016-12-16 20:50:01,2016-12-17 00:00:00,2017-12-16 23:59:59,2016-12-16 20:50:01,,,自动核保通过,2016-12-16 20:50:01,2016-12-16 20:50:01,2017-12-17 01:50:17
15394,15964,2798,34,16808,16808,10072,2,3680,3635,6,10403,10156,1,2,0,29,34,0,N,0,0,N,N,,N,N,500000.0,299.0,0.0,299.0,,重庆,2017-03-19 10:53:40,2017-03-20 00:00:00,2018-03-19 23:59:59,2017-03-19 10:53:40,,,自动核保通过,2017-03-19 10:54:40,2017-03-19 10:54:40,2018-03-20 00:48:19
14009,16903,2066,29,14918,14918,10021,2,16219,2955,10,10503,10172,1,2,0,36,98,0,N,0,0,N,N,,N,N,3000000.0,376.0,21.283019,354.716981,,贵州省,2017-03-01 17:29:44,2017-03-02 00:00:00,2018-03-01 23:59:59,2017-03-01 17:29:44,,1.若以有社会医疗保险身份投保，但未以社会医疗保险身份就诊并结算的，本保险按照应 赔付金额的60%进行赔付。 2.本保单疾病治疗的等待期为30天，扁桃腺、甲状腺、疝气、女性生殖系统疾病的检查与治疗等待期为120天。意外医疗及连续投保无等待期。3.退保手续费率35%。,自动核保通过,2017-03-01 17:29:55,2017-03-01 17:29:55,2018-04-09 10:48:51
8588,936,11291,0,8450,8450,10036,1,5852,4857,6,10519,10264,0,2,15,25,35,0,N,0,0,N,N,,N,N,1000000.0,349.0,0.0,349.0,,陕西省,2016-12-14 21:43:05,2016-12-15 00:00:00,2017-12-14 23:59:59,2016-12-14 21:43:05,,,自动核保通过,2016-12-14 21:43:05,2016-12-14 21:43:05,2017-12-15 00:10:38
13711,10366,2177,29,12030,12029,10135,2,15463,908,6,10468,10289,1,2,0,20,98,0,N,0,0,N,N,,N,N,1000000.0,349.0,0.0,349.0,,四川省,2017-02-13 14:43:39,2017-02-14 00:00:00,2018-02-13 23:59:59,2017-02-13 14:43:39,,,自动核保通过,2017-02-13 14:45:57,2017-02-13 14:45:57,2018-02-14 01:05:42
2842,12721,7341,23,3277,3277,9891,2,2521,1930,6,10371,10115,1,2,0,20,16,0,N,0,0,N,N,,N,N,1000000.0,474.0,26.830189,447.169811,,河南省,2016-09-28 22:33:57,2016-09-29 00:00:00,2017-09-28 23:59:59,2016-09-28 22:33:57,,,自动核保通过,2016-09-28 22:34:29,2016-09-28 22:34:29,2017-09-29 05:18:05
17987,15375,4481,0,17855,17855,9966,0,9835,4857,6,10747,10491,1,2,0,25,35,0,N,0,0,N,N,,N,N,1000000.0,474.0,0.0,474.0,,上海市,2017-04-14 23:31:04,2017-04-15 00:00:00,2018-04-14 23:59:59,2017-04-14 23:31:04,,Augeas出单-自动核保通过,自动核保通过,2017-04-14 23:31:04,2017-04-14 23:31:04,2018-04-15 04:56:57
8179,9065,42,23,8067,8067,9961,2,12227,3183,6,10742,10486,1,2,0,20,16,0,N,0,0,N,N,,N,N,1000000.0,279.0,0.0,279.0,,四川省,2016-12-09 17:46:12,2016-12-10 00:00:00,2017-12-09 23:59:59,2016-12-09 17:46:12,,,自动核保通过,2016-12-09 17:46:40,2016-12-09 17:46:41,2017-12-10 02:31:56
3770,5390,16857,24,3753,3753,10163,1,12868,4857,6,10739,10520,0,2,15,21,45,0,N,0,0,N,N,,N,N,300000.0,363.0,20.54717,342.45283,,广西壮族自治区,2016-10-14 20:50:43,2016-10-15 00:00:00,2017-10-14 23:59:59,2016-10-14 20:50:44,,,自动核保通过,2016-10-14 20:50:43,2016-10-14 20:50:44,2017-10-15 03:03:58
17280,18789,3758,0,17075,17075,10313,0,9545,4857,7,10798,10502,1,2,0,37,35,0,N,0,0,N,N,,N,N,3000000.0,286.0,16.188679,269.811321,,上海,2017-04-06 22:28:00,2017-04-07 00:00:00,2018-04-06 23:59:59,2017-04-06 22:28:00,,Augeas出单-自动核保通过,自动核保通过,2017-04-06 22:28:00,2017-04-06 22:28:00,2018-05-16 19:01:57
754,11109,5628,23,706,706,10390,2,731,473,6,10574,10542,1,2,0,20,16,0,N,0,0,N,N,,N,N,1000000.0,279.0,15.792453,263.207547,,广东省,2016-08-18 15:51:06,2016-08-19 00:00:00,2017-08-18 23:59:59,2016-08-18 15:51:06,,,自动核保通过,2016-08-18 15:51:19,2016-08-18 15:51:19,2017-08-19 01:07:36
16098,4226,14852,0,15902,15902,10418,1,9082,4857,6,10603,10346,0,2,15,25,35,0,N,0,0,N,N,,N,N,1000000.0,279.0,0.0,279.0,,河北省,2017-03-25 19:02:09,2017-03-26 00:00:00,2018-03-25 23:59:59,2017-03-25 19:02:09,,,自动核保通过,2017-03-25 19:02:09,2017-03-25 19:02:09,2018-03-26 03:17:34
4103,6621,16966,0,4017,4017,10209,1,4167,4857,6,10538,10356,0,2,15,25,35,0,N,0,0,N,N,,N,N,1000000.0,279.0,15.792453,263.207547,,江苏省,2016-10-18 18:01:01,2016-10-19 00:00:00,2017-10-18 23:59:59,2016-10-18 18:01:01,,,自动核保通过,2016-10-18 18:01:01,2016-10-18 18:01:01,2017-10-26 01:16:13
12527,16034,2333,29,12330,12329,10259,2,15593,3591,10,9838,9604,1,2,0,36,98,0,N,0,0,N,N,,N,N,3000000.0,136.0,7.698113,128.301887,,湖北省,2017-02-18 10:12:02,2017-02-19 00:00:00,2018-02-18 23:59:59,2017-02-18 10:12:02,,1.若以有社会医疗保险身份投保，但未以社会医疗保险身份就诊并结算的，本保险按照应 赔付金额的60%进行赔付。 2.本保单疾病治疗的等待期为30天，扁桃腺、甲状腺、疝气、女性生殖系统疾病的检查与治疗等待期为120天。意外医疗及连续投保无等待期。3.退保手续费率35%。,自动核保通过,2017-02-18 10:13:18,2017-02-18 10:13:18,2018-04-09 10:40:43
8570,5659,15952,8,7912,7912,9471,2,480,4858,6,9792,9618,0,2,18,24,62,0,N,0,0,N,N,1.0,N,N,300000.0,194.0,0.0,194.0,,安徽省,2016-12-07 11:53:13,2016-12-08 00:00:00,2017-12-07 23:59:59,2016-12-07 11:53:13,,,,2016-12-07 11:53:13,2016-12-07 11:53:13,2017-12-08 00:39:46
16655,4996,15190,27,16428,16428,9309,2,12708,4858,6,9755,9432,0,2,15,20,93,0,N,0,0,N,N,,N,N,1000000.0,349.0,0.0,349.0,,安徽省,2017-03-31 09:50:00,2017-04-01 00:00:00,2018-03-31 23:59:59,2017-03-31 09:50:21,,,自动核保通过,2017-03-31 09:50:21,2017-03-31 09:50:21,2018-04-01 02:39:18
19119,18685,5457,29,18984,18984,9278,2,18640,1972,6,9744,9421,1,2,0,36,98,0,N,0,0,N,N,,N,N,3000000.0,1066.0,60.339623,1005.660377,,江苏省,2017-04-29 15:15:45,2017-04-30 00:00:00,2018-04-29 23:59:59,2017-04-29 15:15:45,,1.若以有社会医疗保险身份投保，但未以社会医疗保险身份就诊并结算的，本保险按照应 赔付金额的60%进行赔付。 2.本保单疾病治疗的等待期为30天，扁桃腺、甲状腺、疝气、女性生殖系统疾病的检查与治疗等待期为120天。意外医疗及连续投保无等待期。3.退保手续费率35%。,自动核保通过,2017-04-29 15:16:03,2017-04-29 15:16:03,2018-04-30 02:24:08
8161,735,11079,0,8582,8582,9300,1,5646,4857,6,9767,9518,0,2,15,25,35,0,N,0,0,N,N,,N,N,1000000.0,428.0,0.0,428.0,,辽宁省,2016-12-08 21:29:07,2016-12-09 00:00:00,2017-12-08 23:59:59,2016-12-08 21:29:07,,,自动核保通过,2016-12-08 21:29:07,2016-12-08 21:29:07,2017-12-09 01:27:39
17207,5053,15682,0,16948,16948,9299,1,9528,4857,6,9766,9517,0,2,15,25,35,0,N,0,0,N,N,,N,N,1000000.0,349.0,0.0,349.0,,湖北省,2017-04-06 13:01:02,2017-04-07 00:00:00,2018-04-06 23:59:59,2017-04-06 13:01:02,,,自动核保通过,2017-04-06 13:01:02,2017-04-06 13:01:02,2018-04-07 05:47:24
11686,3301,13877,0,13555,13555,9298,1,8279,4857,6,9765,9516,0,2,15,25,35,0,N,0,0,N,N,,N,N,1000000.0,349.0,0.0,349.0,,安徽省,2017-03-01 10:41:06,2017-03-02 00:00:00,2018-03-01 23:59:59,2017-03-01 10:41:06,,,自动核保通过,2017-03-01 10:41:06,2017-03-01 10:41:07,2018-03-02 02:27:16
3505,13084,7772,23,3456,3456,9377,2,2931,645,6,10145,9895,1,2,0,20,16,0,N,0,0,N,N,,N,N,1000000.0,279.0,15.792453,263.207547,,江苏省,2016-10-11 12:46:53,2016-10-12 00:00:00,2017-10-11 23:59:59,2016-10-11 12:46:53,,,自动核保通过,2016-10-11 12:47:13,2016-10-11 12:47:13,2017-10-26 00:06:49
11165,2213,12677,0,11318,11318,9780,1,7264,4857,6,10100,9852,0,2,15,25,35,0,N,0,0,N,N,,N,N,1000000.0,279.0,0.0,279.0,,重庆,2017-01-30 23:17:08,2017-01-31 00:00:00,2018-01-30 23:59:59,2017-01-30 23:17:08,,,自动核保通过,2017-01-30 23:17:08,2017-01-30 23:17:08,2018-01-31 02:00:50
17422,18866,4193,0,17172,17172,9729,0,9624,4857,7,10200,9875,1,2,0,37,35,0,N,0,0,N,N,,N,N,3000000.0,756.0,42.792453,713.207547,,上海,2017-04-09 10:53:00,2017-04-10 00:00:00,2018-04-09 23:59:59,2017-04-09 10:53:00,,Augeas出单-自动核保通过,自动核保通过,2017-04-09 10:53:00,2017-04-09 10:53:01,2018-05-16 19:01:57
1250,11571,6024,23,1293,1293,9720,2,1234,1308,6,10228,9979,1,2,0,20,16,0,N,0,0,N,N,,N,N,1000000.0,428.0,24.226415,403.773585,,新疆维吾尔族自治区,2016-09-08 20:02:45,2016-09-09 00:00:00,2017-09-08 23:59:59,2016-09-08 20:02:45,,,自动核保通过,2016-09-08 20:03:58,2016-09-08 20:03:58,2017-09-09 02:28:20
17690,18061,4220,29,17502,17502,9701,2,18021,1960,6,11637,9791,1,2,0,36,98,0,N,0,0,N,N,,N,N,3000000.0,556.0,31.471698,524.528302,,广东省,2017-04-11 13:51:15,2017-04-12 00:00:00,2018-04-11 23:59:59,2017-04-11 13:51:15,,1.若以有社会医疗保险身份投保，但未以社会医疗保险身份就诊并结算的，本保险按照应 赔付金额的60%进行赔付。 2.本保单疾病治疗的等待期为30天，扁桃腺、甲状腺、疝气、女性生殖系统疾病的检查与治疗等待期为120天。意外医疗及连续投保无等待期。3.退保手续费率35%。,自动核保通过,2017-04-11 13:54:33,2017-04-11 13:54:34,2018-04-12 03:06:32
11869,8549,18985,6,11893,11892,11208,2,14081,4858,6,11699,11367,0,2,23,34,55,0,N,0,0,N,N,,N,N,1000000.0,799.0,0.0,799.0,,江苏省,2017-02-09 07:22:43,2017-02-10 00:00:00,2018-02-09 23:59:59,2017-02-09 07:22:43,,,,2017-02-09 07:22:43,2017-02-09 07:22:43,2018-02-10 00:22:20
12878,2997,13542,0,13064,13064,11228,1,8027,4857,6,11719,11462,0,2,15,25,35,0,N,0,0,N,N,,N,N,1000000.0,428.0,0.0,428.0,,四川省,2017-02-21 21:59:09,2017-02-22 00:00:00,2018-02-21 23:59:59,2017-02-21 21:59:09,,,自动核保通过,2017-02-21 21:59:09,2017-02-21 21:59:09,2018-02-22 01:22:03
2619,12660,7223,23,2568,2568,11297,2,2342,2059,6,11449,11249,1,2,0,20,16,0,N,0,0,N,N,,N,N,1000000.0,279.0,15.792453,263.207547,,河北省,2016-09-25 20:08:06,2016-09-26 00:00:00,2017-09-25 23:59:59,2016-09-25 20:08:06,,,自动核保通过,2016-09-25 20:08:46,2016-09-25 20:08:46,2017-09-26 00:08:51
2495,12587,7195,23,2543,2543,11126,2,2325,1756,6,11558,11228,1,2,0,20,16,0,N,0,0,N,N,,N,N,1000000.0,219.0,12.396226,206.603774,,广东省,2016-09-25 10:21:55,2016-09-26 00:00:00,2017-09-25 23:59:59,2016-09-25 10:21:55,,,自动核保通过,2016-09-25 10:22:12,2016-09-25 10:22:12,2017-09-26 03:00:56
14624,3592,14182,0,14397,14397,11080,1,8549,4857,6,11567,11312,0,2,15,25,35,0,N,0,0,N,N,,N,N,1000000.0,474.0,0.0,474.0,,山东省,2017-03-08 19:23:03,2017-03-09 00:00:00,2018-03-08 23:59:59,2017-03-08 19:23:03,,,自动核保通过,2017-03-08 19:23:03,2017-03-08 19:23:03,2018-03-09 00:19:20
8613,8230,18720,0,7972,7972,11194,1,5623,4857,6,11531,11278,0,2,15,25,35,0,N,0,0,N,N,,N,N,1000000.0,349.0,0.0,349.0,,江苏省,2016-12-07 19:12:14,2016-12-08 00:00:00,2017-12-07 23:59:59,2016-12-07 19:12:14,,,自动核保通过,2016-12-07 19:12:14,2016-12-07 19:12:14,2017-12-08 00:38:02
12753,15986,2319,29,12322,12321,11516,2,15563,3893,10,12000,11668,1,2,0,36,98,0,N,0,0,N,N,,N,N,3000000.0,616.0,34.867925,581.132075,,广东省,2017-02-18 01:17:08,2017-02-19 00:00:00,2018-02-18 23:59:59,2017-02-18 01:17:08,,1.若以有社会医疗保险身份投保，但未以社会医疗保险身份就诊并结算的，本保险按照应 赔付金额的60%进行赔付。 2.本保单疾病治疗的等待期为30天，扁桃腺、甲状腺、疝气、女性生殖系统疾病的检查与治疗等待期为120天。意外医疗及连续投保无等待期。3.退保手续费率35%。,自动核保通过,2017-02-18 01:17:21,2017-02-18 01:17:21,2018-04-09 10:43:05
17440,10809,3961,86,17251,17251,11626,0,9614,4857,6,11966,11786,1,2,0,20,115,0,N,0,0,N,N,,N,N,1000000.0,219.0,0.0,219.0,,上海,2017-04-09 11:20:35,2017-04-10 00:00:00,2018-04-09 23:59:59,2017-04-09 11:20:35,,Augeas出单-自动核保通过,自动核保通过,2017-04-09 11:20:35,2017-04-09 11:20:35,2018-04-10 01:14:45
10783,9876,871,23,10517,10517,11600,2,14940,215,6,11771,11534,1,2,0,20,16,0,N,0,0,N,N,,N,N,1000000.0,474.0,0.0,474.0,,湖北省,2017-01-18 12:06:42,2017-01-19 00:00:00,2018-01-18 23:59:59,2017-01-18 12:06:42,,,自动核保通过,2017-01-18 12:07:02,2017-01-18 12:07:02,2018-01-19 02:55:04
13232,10222,1308,29,11632,11631,11413,2,15370,3494,6,11862,11511,1,2,0,20,98,0,N,0,0,N,N,,N,N,1000000.0,474.0,0.0,474.0,,甘肃省,2017-02-08 08:11:24,2017-02-09 00:00:00,2018-02-08 23:59:59,2017-02-08 08:11:24,,,自动核保通过,2017-02-08 08:11:53,2017-02-08 08:11:53,2018-02-09 02:26:24
13094,16135,1673,29,14284,14284,11361,2,15774,3841,10,11866,11517,1,2,0,36,98,0,N,0,0,N,N,,N,N,3000000.0,226.0,12.792453,213.207547,,四川省,2017-02-20 17:45:25,2017-02-21 00:00:00,2018-02-20 23:59:59,2017-02-20 17:45:25,,1.若以有社会医疗保险身份投保，但未以社会医疗保险身份就诊并结算的，本保险按照应 赔付金额的60%进行赔付。 2.本保单疾病治疗的等待期为30天，扁桃腺、甲状腺、疝气、女性生殖系统疾病的检查与治疗等待期为120天。意外医疗及连续投保无等待期。3.退保手续费率35%。,自动核保通过,2017-02-20 17:45:44,2017-02-20 17:45:44,2018-04-09 10:48:20
11386,2074,12527,0,11236,11236,11436,1,7121,4857,6,11039,11592,0,2,15,25,35,0,N,0,0,N,N,,N,N,1000000.0,474.0,0.0,474.0,,广东省,2017-01-24 14:08:01,2017-01-25 00:00:00,2018-01-24 23:59:59,2017-01-24 14:08:01,,,自动核保通过,2017-01-24 14:08:01,2017-01-24 14:08:01,2018-01-25 01:52:52
17497,4862,15531,0,17308,17308,11434,1,9613,4857,6,11052,11589,0,2,15,25,35,0,N,0,0,N,N,,N,N,1000000.0,349.0,0.0,349.0,,四川省,2017-04-08 23:54:02,2017-04-09 00:00:00,2018-04-08 23:59:59,2017-04-08 23:54:02,,,自动核保通过,2017-04-08 23:54:02,2017-04-08 23:54:03,2018-04-09 01:58:04
6992,7790,18261,0,7061,7061,10657,1,5194,4857,6,11001,10810,0,2,15,25,35,0,N,0,0,N,N,,N,N,1000000.0,219.0,0.0,219.0,,河南省,2016-11-21 21:48:00,2016-11-22 00:00:00,2017-11-21 23:59:59,2016-11-21 21:48:00,,,自动核保通过,2016-11-21 21:48:00,2016-11-21 21:48:00,2017-11-22 00:39:25
10271,6013,16220,8,10256,10256,10677,2,523,4858,6,11057,10762,0,2,19,27,62,0,N,0,0,N,N,1.0,N,N,300000.0,272.0,0.0,272.0,,吉林省,2017-01-12 23:35:04,2017-01-13 00:00:00,2018-01-12 23:59:59,2017-01-12 23:35:05,,,,2017-01-12 23:35:05,2017-01-12 23:35:05,2018-01-13 00:25:43
14859,3745,14345,0,14721,14721,10623,1,8649,4857,6,11112,10775,0,2,15,25,35,0,N,0,0,N,N,,N,N,1000000.0,279.0,0.0,279.0,,安徽省,2017-03-11 22:02:02,2017-03-12 00:00:00,2018-03-11 23:59:59,2017-03-11 22:02:02,,,自动核保通过,2017-03-11 22:02:02,2017-03-11 22:02:02,2018-03-12 00:35:59
6494,1635,12043,0,10026,10026,10755,1,6644,4857,6,11080,10835,0,2,15,25,35,0,N,0,0,N,N,,N,N,1000000.0,279.0,0.0,279.0,,内蒙古自治区,2017-01-10 01:49:03,2017-01-11 00:00:00,2018-01-10 23:59:59,2017-01-10 01:49:03,,,自动核保通过,2017-01-10 01:49:03,2017-01-10 01:49:03,2018-01-11 02:04:34
8451,892,11246,0,8985,8985,10705,1,5819,4857,6,10848,10651,0,2,15,25,35,0,N,0,0,N,N,,N,N,1000000.0,279.0,0.0,279.0,,福建省,2016-12-13 22:29:02,2016-12-14 00:00:00,2017-12-13 23:59:59,2016-12-13 22:29:02,,,自动核保通过,2016-12-13 22:29:02,2016-12-13 22:29:02,2017-12-14 01:04:02
12997,2867,13401,0,12671,12671,10537,1,7957,4857,6,11345,11098,0,2,15,25,35,0,N,0,0,N,N,,N,N,1000000.0,799.0,0.0,799.0,,湖北省,2017-02-20 11:51:10,2017-02-21 00:00:00,2018-02-20 23:59:59,2017-02-20 11:51:10,,,自动核保通过,2017-02-20 11:51:10,2017-02-20 11:51:10,2018-02-21 02:47:59
8668,9198,184,23,8571,8571,10936,2,12386,2371,6,11372,11163,1,2,0,20,16,0,N,0,0,N,N,,N,N,1000000.0,349.0,0.0,349.0,,湖北省,2016-12-16 22:19:56,2016-12-17 00:00:00,2017-12-16 23:59:59,2016-12-16 22:19:56,,,自动核保通过,2016-12-16 22:20:49,2016-12-16 22:20:49,2017-12-17 01:19:10
8762,1005,11361,0,8592,8592,11023,1,5957,4857,6,11384,11156,0,2,15,25,35,0,N,0,0,N,N,,N,N,1000000.0,279.0,0.0,279.0,,江西省,2016-12-18 21:48:01,2016-12-19 00:00:00,2017-12-18 23:59:59,2016-12-18 21:48:01,,,自动核保通过,2016-12-18 21:48:01,2016-12-18 21:48:01,2017-12-19 03:11:04
14666,17211,2426,29,14431,14431,10823,2,16519,3879,10,11255,10913,1,2,0,36,98,0,N,0,0,N,N,,N,N,3000000.0,1066.0,60.339623,1005.660377,,湖南省,2017-03-09 06:21:07,2017-03-10 00:00:00,2018-03-09 23:59:59,2017-03-09 06:21:07,,1.若以有社会医疗保险身份投保，但未以社会医疗保险身份就诊并结算的，本保险按照应 赔付金额的60%进行赔付。 2.本保单疾病治疗的等待期为30天，扁桃腺、甲状腺、疝气、女性生殖系统疾病的检查与治疗等待期为120天。意外医疗及连续投保无等待期。3.退保手续费率35%。,自动核保通过,2017-03-09 06:21:40,2017-03-09 06:21:41,2018-04-09 10:58:29
9226,1214,11586,0,9114,9114,10837,1,6129,4857,6,17665,17378,0,2,15,25,35,0,N,0,0,N,N,,N,N,1000000.0,349.0,0.0,349.0,,辽宁省,2016-12-26 16:04:00,2016-12-27 00:00:00,2017-12-26 23:59:59,2016-12-26 16:04:00,,,自动核保通过,2016-12-26 16:04:00,2016-12-26 16:04:00,2017-12-27 01:06:16
10432,418,10437,8,10281,10281,17204,2,335,4858,14,17736,17354,0,2,13,14,0,0,N,0,0,N,N,,N,N,1000000.0,888.0,0.0,888.0,,河南省,2017-01-14 14:14:44,2017-01-15 00:00:00,2018-01-14 23:59:59,2017-01-14 14:14:44,,,,2017-01-14 14:14:44,2017-01-14 14:14:44,2018-04-13 10:17:15
16291,4370,14999,0,15965,15965,17249,1,9177,4857,6,17457,17246,0,2,15,25,35,0,N,0,0,N,N,,N,N,1000000.0,349.0,0.0,349.0,,江苏省,2017-03-28 10:21:01,2017-03-29 00:00:00,2018-03-28 23:59:59,2017-03-28 10:21:01,,,自动核保通过,2017-03-28 10:21:01,2017-03-28 10:21:01,2018-03-29 05:06:43
10800,9949,932,23,11013,11013,17067,2,15023,3304,6,17571,17210,1,2,0,20,16,0,N,0,0,N,N,,N,N,1000000.0,428.0,0.0,428.0,,江苏省,2017-01-19 21:21:48,2017-01-20 00:00:00,2018-01-19 23:59:59,2017-01-19 21:21:48,,,自动核保通过,2017-01-19 21:22:13,2017-01-19 21:22:13,2018-01-20 01:38:51
15829,4145,14761,0,15449,15449,17501,1,8984,4857,6,18049,17647,0,2,15,25,35,0,N,0,0,N,N,,N,N,1000000.0,279.0,0.0,279.0,,浙江省,2017-03-22 23:10:21,2017-03-23 00:00:00,2018-03-22 23:59:59,2017-03-22 23:10:21,,,自动核保通过,2017-03-22 23:10:21,2017-03-22 23:10:21,2018-03-23 00:12:32
395,0,10648,5,369,369,17548,2,10600,4858,6,17757,17543,0,0,1,0,9,0,N,0,0,N,N,,N,N,300000.0,408.0,,,,黑龙江省,2016-05-06 15:17:46,2016-05-07 00:00:00,2017-05-06 23:59:59,2016-05-06 15:17:46,,,,2016-05-06 15:17:46,2016-05-06 15:17:46,2016-05-06 15:17:46
6850,5592,15921,8,7306,7306,17418,2,405,4858,6,17850,17565,0,2,18,24,62,0,N,0,0,N,N,1.0,N,N,300000.0,612.0,0.0,612.0,,江苏省,2016-11-17 09:38:53,2016-11-18 00:00:00,2017-11-17 23:59:59,2016-11-17 09:38:53,,,,2016-11-17 09:38:53,2016-11-17 09:38:53,2017-11-18 03:08:25
15781,4886,15554,27,15505,15505,17410,2,12705,4858,6,17051,17556,0,2,15,20,93,0,N,0,0,N,N,,N,N,1000000.0,279.0,0.0,279.0,,江苏省,2017-03-23 09:17:00,2017-03-24 00:00:00,2018-03-23 23:59:59,2017-03-23 09:17:18,,,自动核保通过,2017-03-23 09:17:18,2017-03-23 09:17:18,2018-03-24 01:32:06
3693,13170,7853,23,3697,3697,17397,2,3005,397,6,17020,16798,1,2,0,20,16,0,N,0,0,N,N,,N,N,1000000.0,699.0,39.566038,659.433962,,广东省,2016-10-12 22:45:42,2016-10-13 00:00:00,2017-10-12 23:59:59,2016-10-12 22:45:42,,,自动核保通过,2016-10-12 22:46:05,2016-10-12 22:46:05,2017-10-13 05:57:57
8242,858,11207,0,8132,8132,16997,1,5744,4857,6,17026,16786,0,2,15,25,35,0,N,0,0,N,N,,N,N,1000000.0,112.0,0.0,112.0,,广东省,2016-12-11 20:49:00,2016-12-12 00:00:00,2017-12-11 23:59:59,2016-12-11 20:49:00,,,自动核保通过,2016-12-11 20:49:00,2016-12-11 20:49:00,2017-12-12 02:13:18
9809,2023,11905,6,9745,9745,0,2,13565,4858,6,17142,16749,0,2,18,24,55,0,N,0,0,N,N,,N,N,300000.0,813.0,0.0,813.0,,山西省,2017-01-06 15:22:49,2017-01-07 00:00:00,2018-01-06 23:59:59,2017-01-06 15:23:06,,,,2017-01-06 15:23:06,2017-01-06 15:23:06,2018-01-07 00:33:19
12572,8350,12394,19,10890,10890,16462,1,18971,4857,6,16991,4,0,2,15,21,17,0,N,0,0,N,N,,N,N,300000.0,363.0,0.0,363.0,,湖北省,2017-01-23 06:21:35,2017-01-24 00:00:00,2018-01-23 23:59:59,2017-01-23 06:21:36,,,自动核保通过,2017-01-23 06:21:36,2017-01-23 06:21:36,2018-01-24 00:16:51
17194,4765,15448,10,18273,18273,16507,2,13374,4858,6,17335,17096,0,2,23,34,49,0,N,0,0,N,N,,N,N,1000000.0,799.0,0.0,799.0,,上海市,2017-04-05 22:15:42,2017-04-06 00:00:00,2018-04-05 23:59:59,2017-04-05 22:15:42,,,,2017-04-05 22:15:42,2017-04-05 22:15:42,2018-04-06 00:54:23
10580,1983,12428,0,10605,10605,16902,1,6985,4857,6,17418,17029,0,2,15,26,35,0,N,0,0,N,N,,N,N,1000000.0,587.0,0.0,587.0,,广东省,2017-01-20 06:21:00,2017-01-21 00:00:00,2018-01-20 23:59:59,2017-01-20 06:21:00,,,自动核保通过,2017-01-20 06:21:00,2017-01-20 06:21:00,2018-01-21 00:34:44
17877,18970,4351,0,17628,17628,16969,0,9783,4857,7,17203,17115,1,2,0,37,35,0,N,0,0,N,N,,N,N,3000000.0,136.0,7.698113,128.301887,,上海市,2017-04-13 13:52:03,2017-04-14 00:00:00,2018-04-13 23:59:59,2017-04-13 13:52:03,,Augeas出单-自动核保通过,自动核保通过,2017-04-13 13:52:03,2017-04-13 13:52:03,2018-05-16 19:01:57
19003,5193,15798,7,18639,18639,16787,2,18822,4858,6,18823,17776,0,2,18,24,75,0,N,0,0,N,N,,N,N,300000.0,267.0,0.0,267.0,,河南省,2017-04-26 22:32:29,2017-04-27 00:00:00,2018-04-26 23:59:59,2017-04-26 22:32:29,,,,2017-04-26 22:32:29,2017-04-26 22:32:29,2018-04-27 00:42:24
16739,4790,15457,0,16922,16922,16792,1,9495,4857,6,18825,18561,0,2,15,25,35,0,N,0,0,N,N,,N,N,1000000.0,349.0,0.0,349.0,,福建省,2017-04-05 15:04:18,2017-04-06 00:00:00,2018-04-05 23:59:59,2017-04-05 15:04:18,,,自动核保通过,2017-04-05 15:04:18,2017-04-05 15:04:18,2018-04-06 00:12:37
17088,18148,3574,29,16828,16828,16794,2,17722,1841,6,18829,18584,1,2,0,36,98,0,N,0,0,N,N,,N,N,3000000.0,866.0,49.018868,816.981132,,辽宁省,2017-04-03 20:53:40,2017-04-04 00:00:00,2018-04-03 23:59:59,2017-04-03 20:53:40,,1.若以有社会医疗保险身份投保，但未以社会医疗保险身份就诊并结算的，本保险按照应 赔付金额的60%进行赔付。 2.本保单疾病治疗的等待期为30天，扁桃腺、甲状腺、疝气、女性生殖系统疾病的检查与治疗等待期为120天。意外医疗及连续投保无等待期。3.退保手续费率35%。,自动核保通过,2017-04-03 20:54:42,2017-04-03 20:54:42,2018-04-04 02:53:43
16282,4366,14994,7,15979,15979,18452,2,18788,4858,6,18705,18609,0,2,18,24,75,0,N,0,0,N,N,,N,N,300000.0,130.0,0.0,130.0,,广东省,2017-03-27 16:24:46,2017-03-28 00:00:00,2018-03-27 23:59:59,2017-03-27 16:24:46,,,,2017-03-27 16:24:46,2017-03-27 16:24:46,2018-03-28 02:23:41
16054,17599,3131,29,15942,15942,18450,2,17238,4540,6,18703,18607,1,2,0,36,98,0,N,0,0,N,N,,N,N,3000000.0,1066.0,60.339623,1005.660377,,河南省,2017-03-26 12:52:57,2017-03-27 00:00:00,2018-03-26 23:59:59,2017-03-26 12:52:57,,1.若以有社会医疗保险身份投保，但未以社会医疗保险身份就诊并结算的，本保险按照应 赔付金额的60%进行赔付。 2.本保单疾病治疗的等待期为30天，扁桃腺、甲状腺、疝气、女性生殖系统疾病的检查与治疗等待期为120天。意外医疗及连续投保无等待期。3.退保手续费率35%。,自动核保通过,2017-03-26 12:54:08,2017-03-26 12:54:08,2018-03-27 01:33:03
10961,2059,12512,0,10871,10871,18252,1,7049,4857,6,18800,18407,0,2,15,25,35,0,N,0,0,N,N,,N,N,1000000.0,428.0,0.0,428.0,,湖北省,2017-01-22 13:28:00,2017-01-23 00:00:00,2018-01-22 23:59:59,2017-01-22 13:28:00,,,自动核保通过,2017-01-22 13:28:00,2017-01-22 13:28:00,2018-01-23 03:55:33
13835,10560,1841,29,13080,13080,18678,2,15900,2637,6,19230,18836,1,2,0,20,98,0,N,0,0,N,N,,N,N,1000000.0,799.0,0.0,799.0,,河南省,2017-02-22 21:54:54,2017-02-23 00:00:00,2018-02-22 23:59:59,2017-02-22 21:54:54,,,自动核保通过,2017-02-22 21:57:24,2017-02-22 21:57:24,2018-02-23 00:57:53
18934,18649,5309,29,18854,18854,18650,2,18561,3456,6,19219,18939,1,2,0,36,98,0,N,0,0,N,N,,N,N,3000000.0,466.0,26.377358,439.622642,,安徽省,2017-04-27 15:56:08,2017-04-28 00:00:00,2018-04-27 23:59:59,2017-04-27 15:56:08,,1.若以有社会医疗保险身份投保，但未以社会医疗保险身份就诊并结算的，本保险按照应 赔付金额的60%进行赔付。 2.本保单疾病治疗的等待期为30天，扁桃腺、甲状腺、疝气、女性生殖系统疾病的检查与治疗等待期为120天。意外医疗及连续投保无等待期。3.退保手续费率35%。,自动核保通过,2017-04-27 15:56:26,2017-04-27 15:56:26,2018-04-28 01:34:00
16008,4351,14984,0,15808,15808,18754,1,9115,4857,6,19007,18934,0,2,15,25,35,0,N,0,0,N,N,,N,N,1000000.0,799.0,0.0,799.0,,湖北省,2017-03-26 13:55:00,2017-03-27 00:00:00,2018-03-26 23:59:59,2017-03-26 13:55:00,,,自动核保通过,2017-03-26 13:55:00,2017-03-26 13:55:00,2018-03-27 05:23:33
10198,9468,456,40,9186,9186,18499,2,14521,2065,6,19068,18790,1,2,0,20,41,0,N,0,0,N,N,,N,N,1000000.0,326.0,0.0,326.0,,广东省,2016-12-30 00:09:14,2016-12-31 00:00:00,2017-12-30 23:59:59,2016-12-30 00:09:14,,,自动核保通过,2016-12-30 00:09:33,2016-12-30 00:09:33,2017-12-31 02:39:12
9756,9304,329,23,8930,8930,18501,2,12533,1175,6,19066,18788,1,2,0,20,16,0,N,0,0,N,N,,N,N,1000000.0,474.0,0.0,474.0,,江苏省,2016-12-23 11:31:47,2016-12-24 00:00:00,2017-12-23 23:59:59,2016-12-23 11:31:47,,,自动核保通过,2016-12-23 11:32:24,2016-12-23 11:32:24,2017-12-24 00:47:17
7633,8012,18495,0,7510,7510,18505,1,5412,4857,6,18659,18813,0,2,15,25,35,0,N,0,0,N,N,,N,N,1000000.0,219.0,0.0,219.0,,广东省,2016-11-30 09:31:06,2016-12-01 00:00:00,2017-11-30 23:59:59,2016-11-30 09:31:06,,,自动核保通过,2016-11-30 09:31:06,2016-11-30 09:31:06,2017-12-01 02:15:30
17163,17870,4175,29,18260,18260,18555,2,17775,4694,6,18258,18808,1,2,0,36,98,0,N,0,0,N,N,,N,N,3000000.0,376.0,21.283019,354.716981,,四川省,2017-04-05 16:14:13,2017-04-06 00:00:00,2018-04-05 23:59:59,2017-04-05 16:14:13,,1.若以有社会医疗保险身份投保，但未以社会医疗保险身份就诊并结算的，本保险按照应 赔付金额的60%进行赔付。 2.本保单疾病治疗的等待期为30天，扁桃腺、甲状腺、疝气、女性生殖系统疾病的检查与治疗等待期为120天。意外医疗及连续投保无等待期。3.退保手续费率35%。,自动核保通过,2017-04-05 16:14:53,2017-04-05 16:14:53,2018-04-06 02:08:24
7022,14903,9601,23,6937,6937,18596,2,11745,396,6,18279,18754,1,2,0,20,16,0,N,0,0,N,N,,N,N,1000000.0,949.0,0.0,949.0,,四川省,2016-11-20 12:10:09,2016-11-21 00:00:00,2017-11-20 23:59:59,2016-11-20 12:10:09,,,自动核保通过,2016-11-20 12:13:13,2016-11-20 12:13:13,2017-11-21 01:53:33
2534,12564,7126,23,2481,2481,18565,2,2284,2051,6,18209,17974,1,2,0,20,16,0,N,0,0,N,N,,N,N,1000000.0,326.0,18.45283,307.54717,,广东省,2016-09-24 11:52:04,2016-09-25 00:00:00,2017-09-24 23:59:59,2016-09-24 11:52:04,,,自动核保通过,2016-09-24 11:54:27,2016-09-24 11:54:27,2017-09-25 04:50:10
8996,1138,11505,0,8908,8908,17714,1,6060,4857,6,18550,17864,0,2,15,25,35,0,N,0,0,N,N,,N,N,1000000.0,279.0,0.0,279.0,,广东省,2016-12-23 09:41:03,2016-12-24 00:00:00,2017-12-23 23:59:59,2016-12-23 09:41:03,,,自动核保通过,2016-12-23 09:41:03,2016-12-23 09:41:03,2017-12-24 00:18:38
15825,17251,2970,29,17127,17127,17722,2,17056,4362,6,18521,17872,1,2,0,36,98,0,N,0,0,N,N,,N,N,3000000.0,466.0,26.377358,439.622642,,四川省,2017-03-22 18:21:15,2017-03-23 00:00:00,2018-03-22 23:59:59,2017-03-22 18:21:15,,1.若以有社会医疗保险身份投保，但未以社会医疗保险身份就诊并结算的，本保险按照应 赔付金额的60%进行赔付。 2.本保单疾病治疗的等待期为30天，扁桃腺、甲状腺、疝气、女性生殖系统疾病的检查与治疗等待期为120天。意外医疗及连续投保无等待期。3.退保手续费率35%。,自动核保通过,2017-03-22 18:21:47,2017-03-22 18:21:47,2018-03-23 03:58:43
16060,17597,3149,29,15894,15894,18077,2,17218,4539,6,18656,18232,1,2,0,36,98,0,N,0,0,N,N,,N,N,3000000.0,166.0,9.396226,156.603774,,四川省,2017-03-25 21:03:15,2017-03-26 00:00:00,2018-03-25 23:59:59,2017-03-25 21:03:15,,1.若以有社会医疗保险身份投保，但未以社会医疗保险身份就诊并结算的，本保险按照应 赔付金额的60%进行赔付。 2.本保单疾病治疗的等待期为30天，扁桃腺、甲状腺、疝气、女性生殖系统疾病的检查与治疗等待期为120天。意外医疗及连续投保无等待期。3.退保手续费率35%。,自动核保通过,2017-03-25 21:04:43,2017-03-25 21:04:43,2018-03-26 03:23:32
3945,6564,16897,0,3835,3835,18105,1,4128,4857,6,18648,18241,0,2,15,25,35,0,N,0,0,N,N,,N,N,1000000.0,1269.0,71.830189,1197.169811,,吉林省,2016-10-17 13:42:05,2016-10-18 00:00:00,2017-10-17 23:59:59,2016-10-17 13:42:05,,,自动核保通过,2016-10-17 13:42:05,2016-10-17 13:42:05,2017-10-26 03:53:00
5302,7173,17603,0,5322,5322,18057,1,4647,4857,6,18431,18361,0,2,15,25,35,0,N,0,0,N,N,,N,N,1000000.0,349.0,0.0,349.0,,广东省,2016-11-08 20:00:03,2016-11-09 00:00:00,2017-11-08 23:59:59,2016-11-08 20:00:03,,,自动核保通过,2016-11-08 20:00:03,2016-11-08 20:00:03,2017-11-10 02:24:25
6678,14777,9413,23,6494,6494,18125,2,11616,3233,6,18373,18222,1,2,0,20,16,0,N,0,0,N,N,,N,N,1000000.0,474.0,0.0,474.0,,四川省,2016-11-14 09:01:13,2016-11-15 00:00:00,2017-11-14 23:59:59,2016-11-14 09:01:13,,,自动核保通过,2016-11-14 09:01:49,2016-11-14 09:01:49,2017-11-15 01:57:45
5199,13959,8578,23,5149,5149,17990,2,10740,2371,6,15270,14999,1,2,0,20,16,0,N,0,0,N,N,,N,N,1000000.0,349.0,0.0,349.0,,湖北省,2016-11-04 19:51:59,2016-11-05 00:00:00,2017-11-04 23:59:59,2016-11-04 19:51:59,,,自动核保通过,2016-11-04 19:52:42,2016-11-04 19:52:42,2017-11-05 02:50:51
19147,18745,5458,29,19020,19020,14830,2,18647,4221,6,15287,14958,1,2,0,36,98,0,N,0,0,N,N,,N,N,3000000.0,376.0,21.283019,354.716981,,湖北省,2017-04-29 18:49:05,2017-04-30 00:00:00,2018-04-29 23:59:59,2017-04-29 18:49:05,,1.若以有社会医疗保险身份投保，但未以社会医疗保险身份就诊并结算的，本保险按照应 赔付金额的60%进行赔付。 2.本保单疾病治疗的等待期为30天，扁桃腺、甲状腺、疝气、女性生殖系统疾病的检查与治疗等待期为120天。意外医疗及连续投保无等待期。3.退保手续费率35%。,自动核保通过,2017-04-29 18:49:28,2017-04-29 18:49:28,2018-04-30 02:11:13
10560,9829,820,23,10384,10384,14772,2,14917,2807,6,15302,15048,1,2,0,20,16,0,N,0,0,N,N,,N,N,1000000.0,349.0,0.0,349.0,,浙江省,2017-01-17 18:00:50,2017-01-18 00:00:00,2018-01-17 23:59:59,2017-01-17 18:00:50,,,自动核保通过,2017-01-17 18:02:50,2017-01-17 18:02:50,2018-01-18 00:37:52
6110,14199,8961,23,6558,6558,14899,2,11397,1950,6,15107,15040,1,2,0,20,16,0,N,0,0,N,N,,N,N,1000000.0,244.0,0.0,244.0,,四川省,2016-11-12 18:35:36,2016-11-13 00:00:00,2017-11-12 23:59:59,2016-11-12 18:35:36,,,自动核保通过,2016-11-12 18:35:56,2016-11-12 18:35:56,2017-11-13 02:59:38
14808,16849,2498,29,14648,14648,14632,2,16603,3435,10,15154,14900,1,2,0,36,98,0,N,0,0,N,N,,N,N,3000000.0,466.0,26.377358,439.622642,,湖南省,2017-03-11 07:39:32,2017-03-12 00:00:00,2018-03-11 23:59:59,2017-03-11 07:39:32,,1.若以有社会医疗保险身份投保，但未以社会医疗保险身份就诊并结算的，本保险按照应 赔付金额的60%进行赔付。 2.本保单疾病治疗的等待期为30天，扁桃腺、甲状腺、疝气、女性生殖系统疾病的检查与治疗等待期为120天。意外医疗及连续投保无等待期。3.退保手续费率35%。,自动核保通过,2017-03-11 07:41:22,2017-03-11 07:41:22,2018-04-09 11:03:47
15001,16877,3529,29,14748,14748,14646,2,16675,4254,6,15543,14895,1,2,0,36,98,0,N,0,0,N,N,,N,N,3000000.0,556.0,31.471698,524.528302,,山西省,2017-03-13 20:41:02,2017-03-14 00:00:00,2018-03-13 23:59:59,2017-03-13 20:41:02,,1.若以有社会医疗保险身份投保，但未以社会医疗保险身份就诊并结算的，本保险按照应 赔付金额的60%进行赔付。 2.本保单疾病治疗的等待期为30天，扁桃腺、甲状腺、疝气、女性生殖系统疾病的检查与治疗等待期为120天。意外医疗及连续投保无等待期。3.退保手续费率35%。,自动核保通过,2017-03-13 20:42:54,2017-03-13 20:42:54,2018-03-14 02:40:24
7209,14984,9675,23,7040,7040,14711,2,11837,1019,6,15572,15299,1,2,0,20,16,0,N,0,0,N,N,,N,N,1000000.0,474.0,0.0,474.0,,河南省,2016-11-23 15:34:28,2016-11-24 00:00:00,2017-11-23 23:59:59,2016-11-23 15:34:28,,,自动核保通过,2016-11-23 15:37:16,2016-11-23 15:37:16,2017-11-24 02:04:17
18964,18704,5319,29,18796,18796,15194,2,18570,4813,6,15630,15248,1,2,0,36,98,0,N,0,0,N,N,,N,N,3000000.0,466.0,26.377358,439.622642,,湖北省,2017-04-27 21:22:59,2017-04-28 00:00:00,2018-04-27 23:59:59,2017-04-27 21:22:59,,1.若以有社会医疗保险身份投保，但未以社会医疗保险身份就诊并结算的，本保险按照应 赔付金额的60%进行赔付。 2.本保单疾病治疗的等待期为30天，扁桃腺、甲状腺、疝气、女性生殖系统疾病的检查与治疗等待期为120天。意外医疗及连续投保无等待期。3.退保手续费率35%。,自动核保通过,2017-04-27 21:23:47,2017-04-27 21:23:47,2018-04-28 00:35:27
16892,17650,3408,29,16700,16700,15098,2,17653,4588,6,15397,15368,1,2,0,36,98,0,N,0,0,N,N,,N,N,3000000.0,286.0,16.188679,269.811321,,四川省,2017-04-01 16:47:27,2017-04-02 00:00:00,2018-04-01 23:59:59,2017-04-01 16:47:27,,1.若以有社会医疗保险身份投保，但未以社会医疗保险身份就诊并结算的，本保险按照应 赔付金额的60%进行赔付。 2.本保单疾病治疗的等待期为30天，扁桃腺、甲状腺、疝气、女性生殖系统疾病的检查与治疗等待期为120天。意外医疗及连续投保无等待期。3.退保手续费率35%。,自动核保通过,2017-04-01 16:47:45,2017-04-01 16:47:45,2018-04-02 02:50:32
12533,15997,1492,29,14043,14043,15192,2,15594,3967,10,15416,15311,1,2,0,36,98,0,N,0,0,N,N,,N,N,3000000.0,286.0,16.188679,269.811321,,黑龙江省,2017-02-18 10:20:22,2017-02-19 00:00:00,2018-02-18 23:59:59,2017-02-18 10:20:22,,1.若以有社会医疗保险身份投保，但未以社会医疗保险身份就诊并结算的，本保险按照应 赔付金额的60%进行赔付。 2.本保单疾病治疗的等待期为30天，扁桃腺、甲状腺、疝气、女性生殖系统疾病的检查与治疗等待期为120天。意外医疗及连续投保无等待期。3.退保手续费率35%。,自动核保通过,2017-02-18 10:22:47,2017-02-18 10:22:47,2018-04-09 10:44:35
12861,16218,1598,29,12719,12719,14952,2,15675,3676,10,15451,15197,1,2,0,36,98,0,N,0,0,N,N,,N,N,3000000.0,866.0,49.018868,816.981132,,陕西省,2017-02-18 23:10:35,2017-02-19 00:00:00,2018-02-18 23:59:59,2017-02-18 23:10:35,,1.若以有社会医疗保险身份投保，但未以社会医疗保险身份就诊并结算的，本保险按照应 赔付金额的60%进行赔付。 2.本保单疾病治疗的等待期为30天，扁桃腺、甲状腺、疝气、女性生殖系统疾病的检查与治疗等待期为120天。意外医疗及连续投保无等待期。3.退保手续费率35%。,自动核保通过,2017-02-18 23:10:55,2017-02-18 23:10:55,2018-04-09 10:48:52
12760,10603,1450,76,12587,12587,15039,2,15611,3903,6,14656,15191,1,2,0,20,103,0,N,0,0,N,N,,N,N,1000000.0,112.0,0.0,112.0,,江苏省,2017-02-18 12:46:21,2017-02-19 00:00:00,2018-02-18 23:59:59,2017-02-18 12:46:21,,,自动核保通过,2017-02-18 12:48:33,2017-02-18 12:48:33,2018-02-19 01:31:46
18472,18486,4919,29,19160,19160,14288,2,18340,2590,6,14458,14435,1,2,0,36,98,0,N,0,0,N,N,,N,N,3000000.0,376.0,21.283019,354.716981,,广东省,2017-04-20 16:37:33,2017-04-21 00:00:00,2018-04-20 23:59:59,2017-04-20 16:37:33,,1.若以有社会医疗保险身份投保，但未以社会医疗保险身份就诊并结算的，本保险按照应 赔付金额的60%进行赔付。 2.本保单疾病治疗的等待期为30天，扁桃腺、甲状腺、疝气、女性生殖系统疾病的检查与治疗等待期为120天。意外医疗及连续投保无等待期。3.退保手续费率35%。,自动核保通过,2017-04-20 16:37:50,2017-04-20 16:37:50,2018-04-21 03:18:09
9939,1504,11895,0,9764,9764,14067,1,6522,4857,6,14534,14211,0,2,15,25,35,0,N,0,0,N,N,,N,N,1000000.0,279.0,0.0,279.0,,四川省,2017-01-06 13:30:01,2017-01-07 00:00:00,2018-01-06 23:59:59,2017-01-06 13:30:01,,,自动核保通过,2017-01-06 13:30:01,2017-01-06 13:30:01,2018-01-07 00:44:59
6649,7654,18114,0,6709,6709,14107,1,5056,4857,6,15024,14698,0,2,15,25,35,0,N,0,0,N,N,,N,N,1000000.0,219.0,0.0,219.0,,山东省,2016-11-16 15:59:01,2016-11-17 00:00:00,2017-11-16 23:59:59,2016-11-16 15:59:01,,,自动核保通过,2016-11-16 15:59:01,2016-11-16 15:59:01,2017-11-17 02:02:46
8569,10899,10022,23,7945,7945,14128,2,12181,2700,6,15027,14644,1,2,0,20,16,0,N,0,0,N,N,,N,N,1000000.0,349.0,0.0,349.0,,湖南省,2016-12-07 11:18:58,2016-12-08 00:00:00,2017-12-07 23:59:59,2016-12-07 11:18:58,,,自动核保通过,2016-12-07 11:19:33,2016-12-07 11:19:33,2017-12-08 00:44:23
13196,16375,1791,29,14501,14501,14525,2,15928,3298,10,14979,14689,1,2,0,36,98,0,N,0,0,N,N,,N,N,3000000.0,866.0,49.018868,816.981132,,河北省,2017-02-23 14:14:29,2017-02-24 00:00:00,2018-02-23 23:59:59,2017-02-23 14:14:29,,1.若以有社会医疗保险身份投保，但未以社会医疗保险身份就诊并结算的，本保险按照应 赔付金额的60%进行赔付。 2.本保单疾病治疗的等待期为30天，扁桃腺、甲状腺、疝气、女性生殖系统疾病的检查与治疗等待期为120天。意外医疗及连续投保无等待期。3.退保手续费率35%。,自动核保通过,2017-02-23 14:14:56,2017-02-23 14:14:56,2018-04-09 11:05:31
6638,14271,8953,23,5651,5651,14592,2,11358,2606,6,14780,14736,1,2,0,20,16,0,N,0,0,N,N,,N,N,1000000.0,334.0,0.0,334.0,,河南省,2016-11-12 16:04:27,2016-11-13 00:00:00,2017-11-12 23:59:59,2016-11-12 16:04:27,,,自动核保通过,2016-11-12 16:04:41,2016-11-12 16:04:41,2017-11-13 00:19:07
7291,15030,10034,23,7196,7196,14567,2,11885,3310,6,14885,14487,1,2,0,20,16,0,N,0,0,N,N,,N,N,1000000.0,474.0,0.0,474.0,,黑龙江省,2016-11-25 11:30:59,2016-11-26 00:00:00,2017-11-25 23:59:59,2016-11-25 11:30:59,,,自动核保通过,2016-11-25 11:31:17,2016-11-25 11:31:17,2017-11-26 00:07:30
16908,10780,4162,75,16688,16688,14378,2,17677,3917,6,14823,14560,1,2,0,20,102,0,N,0,0,N,N,,N,N,1000000.0,112.0,0.0,112.0,,山东省,2017-04-02 11:13:39,2017-04-03 00:00:00,2018-04-02 23:59:59,2017-04-02 11:13:39,,,自动核保通过,2017-04-02 11:13:55,2017-04-02 11:13:55,2018-04-03 01:35:52
10972,10033,1028,23,10868,10868,14447,2,15071,3337,6,16436,14589,1,2,0,20,16,0,N,0,0,N,N,,N,N,1000000.0,799.0,0.0,799.0,,河南省,2017-01-22 02:16:21,2017-01-23 00:00:00,2018-01-22 23:59:59,2017-01-22 02:16:21,,,自动核保通过,2017-01-22 02:16:56,2017-01-22 02:16:56,2018-01-23 03:23:24
16063,4331,14963,0,15889,15889,14463,1,9078,4857,6,16431,16174,0,2,15,25,35,0,N,0,0,N,N,,N,N,1000000.0,279.0,0.0,279.0,,福建省,2017-03-25 13:43:00,2017-03-26 00:00:00,2018-03-25 23:59:59,2017-03-25 13:43:00,,,自动核保通过,2017-03-25 13:43:00,2017-03-25 13:43:00,2018-03-26 05:27:39
12354,3446,14036,0,12286,12285,15213,1,7789,4857,6,16535,16163,0,2,15,25,35,0,N,0,0,N,N,,N,N,1000000.0,279.0,0.0,279.0,,湖北省,2017-02-15 18:03:03,2017-02-16 00:00:00,2018-02-15 23:59:59,2017-02-15 18:03:03,,,自动核保通过,2017-02-15 18:03:03,2017-02-15 18:03:03,2018-02-16 02:40:57
14969,4567,15214,0,14755,14755,16018,1,8673,4857,6,16504,16245,0,2,15,25,35,0,N,0,0,N,N,,N,N,1000000.0,1269.0,0.0,1269.0,,山东省,2017-03-12 20:20:03,2017-03-13 00:00:00,2018-03-12 23:59:59,2017-03-12 20:20:03,,,自动核保通过,2017-03-12 20:20:03,2017-03-12 20:20:03,2018-03-13 02:27:23
4655,13719,8330,23,4564,4564,15971,2,3470,2036,6,16400,16273,1,2,0,20,16,0,N,0,0,N,N,,N,N,1000000.0,349.0,19.754717,329.245283,,安徽省,2016-10-27 19:45:09,2016-10-28 00:00:00,2017-10-27 23:59:59,2016-10-27 19:45:09,,,自动核保通过,2016-10-27 19:45:22,2016-10-27 19:45:22,2017-10-28 02:22:56
7510,8035,18520,0,7487,7487,16053,1,5406,4857,6,16387,15997,0,2,15,25,35,0,N,0,0,N,N,,N,N,1000000.0,949.0,0.0,949.0,,山西省,2016-11-30 09:49:04,2016-12-01 00:00:00,2017-11-30 23:59:59,2016-11-30 09:49:04,,,自动核保通过,2016-11-30 09:49:04,2016-11-30 09:49:04,2017-12-01 02:03:08
12699,16090,1647,29,12724,12724,15855,2,15683,3599,10,16336,16004,1,2,0,36,98,0,N,0,0,N,N,,N,N,3000000.0,466.0,26.377358,439.622642,,湖北省,2017-02-19 07:28:15,2017-02-20 00:00:00,2018-02-19 23:59:59,2017-02-19 07:28:15,,1.若以有社会医疗保险身份投保，但未以社会医疗保险身份就诊并结算的，本保险按照应 赔付金额的60%进行赔付。 2.本保单疾病治疗的等待期为30天，扁桃腺、甲状腺、疝气、女性生殖系统疾病的检查与治疗等待期为120天。意外医疗及连续投保无等待期。3.退保手续费率35%。,自动核保通过,2017-02-19 07:30:30,2017-02-19 07:30:30,2018-04-09 11:05:05
3220,13041,7609,23,3295,3295,15876,2,2775,595,6,16357,16100,1,2,0,20,16,0,N,0,0,N,N,,N,N,1000000.0,949.0,53.716981,895.283019,,河北省,2016-10-07 21:52:31,2016-10-08 00:00:00,2017-10-07 23:59:59,2016-10-07 21:52:31,,,自动核保通过,2016-10-07 21:54:10,2016-10-07 21:54:10,2017-10-08 05:54:30
17887,15366,4371,0,17828,17828,15827,0,9800,4857,6,16757,16067,1,2,0,25,35,0,N,0,0,N,N,,N,N,1000000.0,349.0,0.0,349.0,,上海市,2017-04-14 00:11:01,2017-04-15 00:00:00,2018-04-14 23:59:59,2017-04-14 00:11:01,,Augeas出单-自动核保通过,自动核保通过,2017-04-14 00:11:01,2017-04-14 00:11:01,2018-04-15 00:15:14
2558,6162,16434,0,3123,3123,16291,1,3777,4857,6,16603,16571,0,2,15,25,35,0,N,0,0,N,N,,N,N,1000000.0,349.0,19.754717,329.245283,,安徽省,2016-09-25 17:25:08,2016-09-26 00:00:00,2017-09-25 23:59:59,2016-09-25 17:25:08,,,自动核保通过,2016-09-25 17:25:08,2016-09-25 17:25:08,2017-09-26 03:57:41
4693,6866,17252,0,4600,4600,16289,1,4385,4857,6,16602,16570,0,2,15,25,35,0,N,0,0,N,N,,N,N,1000000.0,349.0,19.754717,329.245283,,河南省,2016-10-28 10:24:01,2016-10-29 00:00:00,2017-10-28 23:59:59,2016-10-28 10:24:01,,,自动核保通过,2016-10-28 10:24:01,2016-10-28 10:24:01,2017-10-29 02:28:01
15254,43,10115,1,14967,14967,0,2,14450,4858,14,16556,16430,0,2,9,10,18,0,N,0,0,N,N,,N,N,300000.0,638.0,0.0,638.0,,云南省,2017-03-16 23:47:25,2017-03-17 00:00:00,2018-03-16 23:59:59,2017-03-16 23:47:42,,,,2017-03-16 23:47:42,2017-03-16 23:47:42,2018-04-13 10:14:33
13955,16428,2100,29,13548,13548,16382,2,16210,66,10,16584,16327,1,2,0,36,98,0,N,0,0,N,N,,N,N,3000000.0,376.0,21.283019,354.716981,,陕西省,2017-03-01 13:33:48,2017-03-02 00:00:00,2018-03-01 23:59:59,2017-03-01 13:33:48,,1.若以有社会医疗保险身份投保，但未以社会医疗保险身份就诊并结算的，本保险按照应 赔付金额的60%进行赔付。 2.本保单疾病治疗的等待期为30天，扁桃腺、甲状腺、疝气、女性生殖系统疾病的检查与治疗等待期为120天。意外医疗及连续投保无等待期。3.退保手续费率35%。,自动核保通过,2017-03-01 13:34:29,2017-03-01 13:34:29,2018-04-09 11:05:22
11612,2128,12586,0,11202,11202,16396,1,7246,4857,6,16576,16319,0,2,15,25,35,0,N,0,0,N,N,,N,N,1000000.0,326.0,0.0,326.0,,广东省,2017-01-29 21:34:02,2017-01-30 00:00:00,2018-01-29 23:59:59,2017-01-29 21:34:02,,,自动核保通过,2017-01-29 21:34:02,2017-01-29 21:34:02,2018-01-30 03:04:51
9481,5845,16095,6,9248,9248,16154,2,13551,4858,6,16629,16354,0,2,23,34,55,0,N,0,0,N,N,,N,N,1000000.0,428.0,0.0,428.0,,广东省,2016-12-30 10:38:22,2016-12-31 00:00:00,2017-12-30 23:59:59,2016-12-30 10:38:22,,,,2016-12-30 10:38:22,2016-12-30 10:38:22,2017-12-31 02:56:14
9292,1239,11613,0,9979,9979,16122,1,6155,4857,6,15865,16361,0,2,15,25,35,0,N,0,0,N,N,,N,N,1000000.0,349.0,0.0,349.0,,安徽省,2016-12-27 18:58:04,2016-12-28 00:00:00,2017-12-27 23:59:59,2016-12-27 18:58:04,,,自动核保通过,2016-12-27 18:58:04,2016-12-27 18:58:04,2017-12-28 00:57:33
9166,1157,11524,0,8983,8983,16246,1,6100,4857,6,15818,15604,0,2,15,25,35,0,N,0,0,N,N,,N,N,1000000.0,279.0,0.0,279.0,,湖北省,2016-12-25 10:25:00,2016-12-26 00:00:00,2017-12-25 23:59:59,2016-12-25 10:25:00,,,自动核保通过,2016-12-25 10:25:00,2016-12-25 10:25:00,2017-12-26 03:00:36
16222,17427,3249,29,16096,16096,16244,2,17282,4321,6,15872,15603,1,2,0,36,98,0,N,0,0,N,N,,N,N,3000000.0,286.0,16.188679,269.811321,,江苏省,2017-03-27 11:46:01,2017-03-28 00:00:00,2018-03-27 23:59:59,2017-03-27 11:46:01,,1.若以有社会医疗保险身份投保，但未以社会医疗保险身份就诊并结算的，本保险按照应 赔付金额的60%进行赔付。 2.本保单疾病治疗的等待期为30天，扁桃腺、甲状腺、疝气、女性生殖系统疾病的检查与治疗等待期为120天。意外医疗及连续投保无等待期。3.退保手续费率35%。,自动核保通过,2017-03-27 11:46:59,2017-03-27 11:46:59,2018-03-28 02:00:07
1336,11367,6002,23,1376,1376,16217,2,1172,18,6,15922,15595,1,2,0,20,16,0,N,0,0,N,N,,N,N,1000000.0,112.0,6.339623,105.660377,,上海,2016-09-08 11:01:07,2016-09-09 00:00:00,2017-09-08 23:59:59,2016-09-08 11:01:07,,,自动核保通过,2016-09-08 11:01:17,2016-09-08 11:01:17,2017-09-09 00:38:37
15552,4036,14652,0,15270,15270,15415,1,8910,4857,6,15875,15607,0,2,15,25,35,0,N,0,0,N,N,,N,N,1000000.0,349.0,0.0,349.0,,贵州省,2017-03-20 22:52:02,2017-03-21 00:00:00,2018-03-20 23:59:59,2017-03-20 22:52:02,,,自动核保通过,2017-03-20 22:52:02,2017-03-20 22:52:02,2018-03-21 00:36:56
9293,1665,12076,0,9164,9164,15394,1,6153,4857,6,15712,15610,0,2,15,25,35,0,N,0,0,N,N,,N,N,1000000.0,279.0,0.0,279.0,,山东省,2016-12-27 19:31:02,2016-12-28 00:00:00,2017-12-27 23:59:59,2016-12-27 19:31:02,,,自动核保通过,2016-12-27 19:31:02,2016-12-27 19:31:02,2017-12-28 01:41:38
13434,16263,1884,29,13270,13270,15383,2,15993,2035,10,15663,15638,1,2,0,36,98,0,N,0,0,N,N,,N,N,3000000.0,556.0,31.471698,524.528302,,四川省,2017-02-24 13:25:33,2017-02-25 00:00:00,2018-02-24 23:59:59,2017-02-24 13:25:33,,1.若以有社会医疗保险身份投保，但未以社会医疗保险身份就诊并结算的，本保险按照应 赔付金额的60%进行赔付。 2.本保单疾病治疗的等待期为30天，扁桃腺、甲状腺、疝气、女性生殖系统疾病的检查与治疗等待期为120天。意外医疗及连续投保无等待期。3.退保手续费率35%。,自动核保通过,2017-02-24 13:26:06,2017-02-24 13:26:06,2018-04-09 10:43:24
15268,16980,2737,29,15076,15076,15325,2,16769,260,6,16223,15899,1,2,0,36,98,0,N,0,0,N,N,,N,N,3000000.0,286.0,16.188679,269.811321,,浙江省,2017-03-16 21:02:09,2017-03-17 00:00:00,2018-03-16 23:59:59,2017-03-16 21:02:09,,1.若以有社会医疗保险身份投保，但未以社会医疗保险身份就诊并结算的，本保险按照应 赔付金额的60%进行赔付。 2.本保单疾病治疗的等待期为30天，扁桃腺、甲状腺、疝气、女性生殖系统疾病的检查与治疗等待期为120天。意外医疗及连续投保无等待期。3.退保手续费率35%。,自动核保通过,2017-03-16 21:03:01,2017-03-16 21:03:01,2018-03-17 02:07:58
16931,17717,3543,29,16716,16716,15511,2,17655,4573,6,16186,15862,1,2,0,36,98,0,N,0,0,N,N,,N,N,3000000.0,556.0,31.471698,524.528302,,四川省,2017-04-01 18:55:12,2017-04-02 00:00:00,2018-04-01 23:59:59,2017-04-01 18:55:12,,1.若以有社会医疗保险身份投保，但未以社会医疗保险身份就诊并结算的，本保险按照应 赔付金额的60%进行赔付。 2.本保单疾病治疗的等待期为30天，扁桃腺、甲状腺、疝气、女性生殖系统疾病的检查与治疗等待期为120天。意外医疗及连续投保无等待期。3.退保手续费率35%。,自动核保通过,2017-04-01 18:55:40,2017-04-01 18:55:40,2018-04-02 00:48:01
12355,10395,1431,29,12291,12290,15711,2,15517,3913,6,16183,15859,1,2,0,20,98,0,N,0,0,N,N,,N,N,1000000.0,219.0,0.0,219.0,,四川省,2017-02-15 22:41:18,2017-02-16 00:00:00,2018-02-15 23:59:59,2017-02-15 22:41:18,,,自动核保通过,2017-02-15 22:41:51,2017-02-15 22:41:51,2018-02-16 01:03:25
8917,1085,11433,1,8761,8761,0,2,14314,4858,6,16015,15917,0,2,18,24,50,0,N,0,0,N,N,,N,N,300000.0,174.6,0.0,174.6,,福建省,2016-12-21 15:46:47,2016-12-22 00:00:00,2017-12-21 23:59:59,2016-12-21 15:58:52,,,,2016-12-21 15:58:52,2016-12-21 15:58:52,2017-12-22 03:22:56
2693,6369,16664,0,2615,2615,15691,1,3804,4857,6,16012,15921,0,2,15,25,35,0,N,0,0,N,N,,N,N,1000000.0,279.0,15.792453,263.207547,,浙江省,2016-09-27 15:02:01,2016-09-28 00:00:00,2017-09-27 23:59:59,2016-09-27 15:02:01,,,自动核保通过,2016-09-27 15:02:01,2016-09-27 15:02:01,2017-09-28 01:04:34
15767,17255,3037,29,15499,15499,15804,2,17072,4494,6,15974,15734,1,2,0,36,98,0,N,0,0,N,N,,N,N,3000000.0,376.0,21.283019,354.716981,,广西壮族自治区,2017-03-22 23:01:45,2017-03-23 00:00:00,2018-03-22 23:59:59,2017-03-22 23:01:45,,1.若以有社会医疗保险身份投保，但未以社会医疗保险身份就诊并结算的，本保险按照应 赔付金额的60%进行赔付。 2.本保单疾病治疗的等待期为30天，扁桃腺、甲状腺、疝气、女性生殖系统疾病的检查与治疗等待期为120天。意外医疗及连续投保无等待期。3.退保手续费率35%。,自动核保通过,2017-03-22 23:02:27,2017-03-22 23:02:28,2018-03-23 02:00:33
14874,17351,3400,29,16029,16029,2912,2,16630,4160,10,3021,3097,1,2,0,36,98,0,N,0,0,N,N,,N,N,3000000.0,286.0,16.188679,269.811321,,河南省,2017-03-12 11:34:31,2017-03-13 00:00:00,2018-03-12 23:59:59,2017-03-12 11:34:31,,1.若以有社会医疗保险身份投保，但未以社会医疗保险身份就诊并结算的，本保险按照应 赔付金额的60%进行赔付。 2.本保单疾病治疗的等待期为30天，扁桃腺、甲状腺、疝气、女性生殖系统疾病的检查与治疗等待期为120天。意外医疗及连续投保无等待期。3.退保手续费率35%。,自动核保通过,2017-03-12 11:37:25,2017-03-12 11:37:25,2018-04-09 10:59:02
2065,11985,6751,23,2056,2056,2793,2,1899,191,6,3086,2865,1,2,0,20,16,0,N,0,0,N,N,1.0,N,N,1000000.0,349.0,19.754717,329.245283,,吉林省,2016-09-18 15:26:58,2016-09-19 00:00:00,2017-09-18 23:59:59,2016-09-18 15:26:58,,,自动核保通过,2016-09-18 15:27:30,2016-09-18 15:27:30,2017-09-19 01:45:08
18497,18460,4880,29,19163,19163,2757,2,18348,660,6,3501,2982,1,2,0,36,98,0,N,0,0,N,N,,N,N,3000000.0,1426.0,80.716981,1345.283019,,湖北省,2017-04-20 20:49:06,2017-04-21 00:00:00,2018-04-20 23:59:59,2017-04-20 20:49:06,,1.若以有社会医疗保险身份投保，但未以社会医疗保险身份就诊并结算的，本保险按照应 赔付金额的60%进行赔付。 2.本保单疾病治疗的等待期为30天，扁桃腺、甲状腺、疝气、女性生殖系统疾病的检查与治疗等待期为120天。意外医疗及连续投保无等待期。3.退保手续费率35%。,自动核保通过,2017-04-20 20:49:24,2017-04-20 20:49:24,2018-04-21 04:00:24
14390,10626,2995,29,14220,14220,2880,2,16385,260,6,3586,3326,1,1,0,20,98,0,N,0,0,N,N,,N,N,1000000.0,0.0,0.0,0.0,,四川省,2017-03-05 23:40:39,2017-03-06 00:00:00,2018-03-05 23:59:59,2017-03-05 23:40:39,2017-03-06 00:00:00,,自动核保通过,2017-03-05 23:41:01,2017-03-05 23:41:02,2017-03-13 14:06:00
4989,13805,9296,23,4924,4924,3256,2,3625,2764,6,3555,3408,1,2,0,20,16,0,N,0,0,N,N,,N,N,1000000.0,279.0,0.0,279.0,,湖北省,2016-11-02 08:32:02,2016-11-03 00:00:00,2017-11-02 23:59:59,2016-11-02 08:32:02,,,自动核保通过,2016-11-02 08:32:55,2016-11-02 08:32:55,2017-11-03 02:34:37
5433,7254,17689,0,5712,5712,3313,1,4724,4857,6,3311,3390,0,2,15,25,35,0,N,0,0,N,N,,N,N,1000000.0,474.0,0.0,474.0,,浙江省,2016-11-10 22:17:01,2016-11-11 00:00:00,2017-11-10 23:59:59,2016-11-10 22:17:01,,,自动核保通过,2016-11-10 22:17:01,2016-11-10 22:17:01,2017-11-11 02:12:34
5725,14081,8716,23,5510,5510,3269,2,10885,1923,6,3453,3195,1,2,0,20,16,0,N,0,0,N,N,,N,N,1000000.0,326.0,0.0,326.0,,山东省,2016-11-10 09:47:52,2016-11-11 00:00:00,2017-11-10 23:59:59,2016-11-10 09:47:52,,,自动核保通过,2016-11-10 09:48:46,2016-11-10 09:48:46,2017-11-11 00:15:16
16924,5013,15286,19,16683,16683,3266,1,19069,4857,6,3451,4,0,2,15,20,44,0,N,0,0,N,N,,N,N,1000000.0,474.0,0.0,474.0,,江西省,2017-04-02 07:51:26,2017-04-03 00:00:00,2018-04-02 23:59:59,2017-04-02 07:51:26,,,自动核保通过,2017-04-02 07:51:26,2017-04-02 07:51:26,2018-04-03 03:37:45
1916,11934,6593,23,1909,1909,3088,2,1781,101,6,3402,3164,1,2,0,20,16,0,N,0,0,N,N,1.0,N,N,1000000.0,474.0,26.830189,447.169811,,四川省,2016-09-16 10:09:24,2016-09-17 00:00:00,2017-09-16 23:59:59,2016-09-16 10:09:24,,,自动核保通过,2016-09-16 10:09:39,2016-09-16 10:09:39,2017-09-17 05:31:44
10883,9916,1664,29,10765,10765,3118,2,15175,3737,6,2698,2451,1,2,0,20,98,0,N,0,0,N,N,,N,N,1000000.0,799.0,0.0,799.0,,江苏省,2017-01-26 19:41:17,2017-01-27 00:00:00,2018-01-26 23:59:59,2017-01-26 19:41:17,,,自动核保通过,2017-01-26 19:41:55,2017-01-26 19:41:55,2018-01-27 00:27:56
15428,3917,14529,0,15247,15247,2228,1,8852,4857,6,2995,2729,0,2,15,25,35,0,N,0,0,N,N,,N,N,1000000.0,949.0,0.0,949.0,,四川省,2017-03-19 01:38:12,2017-03-20 00:00:00,2018-03-19 23:59:59,2017-03-19 01:38:12,,,自动核保通过,2017-03-19 01:38:12,2017-03-19 01:38:12,2018-03-20 01:09:11
7242,7849,18327,0,7125,7125,2243,1,5232,4857,6,2988,2704,0,2,15,25,35,0,N,0,0,N,N,,N,N,1000000.0,219.0,0.0,219.0,,安徽省,2016-11-23 18:47:01,2016-11-24 00:00:00,2017-11-23 23:59:59,2016-11-23 18:47:02,,,自动核保通过,2016-11-23 18:47:01,2016-11-23 18:47:02,2017-11-24 01:20:15
11026,6092,16276,47,10541,10541,2447,2,19217,4858,6,2968,2722,0,2,15,20,61,0,N,0,0,N,N,,N,N,1000000.0,474.0,0.0,474.0,,天津市,2017-01-19 14:23:00,2017-01-20 00:00:00,2018-01-19 23:59:59,2017-01-19 14:23:20,,,自动核保通过,2017-01-19 14:23:20,2017-01-19 14:23:20,2018-01-20 00:09:30
15987,4914,15583,0,15793,15793,2611,1,9060,4857,6,2745,2800,0,2,15,25,35,0,N,0,0,N,N,,N,N,1000000.0,279.0,0.0,279.0,,江西省,2017-03-24 17:45:00,2017-03-25 00:00:00,2018-03-24 23:59:59,2017-03-24 17:45:00,,,自动核保通过,2017-03-24 17:45:00,2017-03-24 17:45:00,2018-03-25 00:30:05
8262,9131,103,23,8134,8134,2705,2,12281,3325,6,2855,2612,1,2,0,20,16,0,N,0,0,N,N,,N,N,1000000.0,1269.0,0.0,1269.0,,四川省,2016-12-12 09:28:31,2016-12-13 00:00:00,2017-12-12 23:59:59,2016-12-12 09:28:31,,,自动核保通过,2016-12-12 09:30:10,2016-12-12 09:30:10,2017-12-13 02:48:35
19014,18694,5380,29,18817,18817,2673,2,18591,4725,6,2844,2600,1,2,0,36,98,0,N,0,0,N,N,,N,N,3000000.0,556.0,31.471698,524.528302,,吉林省,2017-04-28 10:00:00,2017-04-29 00:00:00,2018-04-28 23:59:59,2017-04-28 10:00:00,,1.若以有社会医疗保险身份投保，但未以社会医疗保险身份就诊并结算的，本保险按照应 赔付金额的60%进行赔付。 2.本保单疾病治疗的等待期为30天，扁桃腺、甲状腺、疝气、女性生殖系统疾病的检查与治疗等待期为120天。意外医疗及连续投保无等待期。3.退保手续费率35%。,自动核保通过,2017-04-28 10:00:15,2017-04-28 10:00:15,2018-04-29 03:45:20
15832,4158,14774,0,17131,17131,2676,1,8998,4857,6,2840,2579,0,2,15,25,35,0,N,0,0,N,N,,N,N,1000000.0,699.0,0.0,699.0,,安徽省,2017-03-22 23:34:08,2017-03-23 00:00:00,2018-03-22 23:59:59,2017-03-22 23:34:08,,,自动核保通过,2017-03-22 23:34:08,2017-03-22 23:34:08,2018-03-23 01:31:19
16963,17900,3542,29,16572,16572,2564,2,17652,894,6,4387,2639,1,2,0,36,98,0,N,0,0,N,N,,N,N,3000000.0,376.0,21.283019,354.716981,,湖南省,2017-04-01 15:58:35,2017-04-02 00:00:00,2018-04-01 23:59:59,2017-04-01 15:58:35,,1.若以有社会医疗保险身份投保，但未以社会医疗保险身份就诊并结算的，本保险按照应 赔付金额的60%进行赔付。 2.本保单疾病治疗的等待期为30天，扁桃腺、甲状腺、疝气、女性生殖系统疾病的检查与治疗等待期为120天。意外医疗及连续投保无等待期。3.退保手续费率35%。,自动核保通过,2017-04-01 15:58:59,2017-04-01 15:58:59,2018-04-02 00:27:07
723,537,10884,10,744,744,0,2,13279,4858,14,4467,4211,0,2,10,11,5,0,N,0,0,N,N,,N,N,300000.0,268.0,15.169811,252.830189,,云南省,2016-08-19 22:42:42,2016-08-20 00:00:00,2017-08-19 23:59:59,2016-08-19 22:44:01,,,,2016-08-19 22:44:01,2016-08-19 22:44:01,2018-04-13 10:00:59
4051,13431,8071,23,4101,4101,3939,2,3199,907,6,4730,4173,1,2,0,20,16,0,N,0,0,N,N,,N,N,1000000.0,219.0,12.396226,206.603774,,广东省,2016-10-19 22:27:13,2016-10-20 00:00:00,2017-10-19 23:59:59,2016-10-19 22:27:13,,,自动核保通过,2016-10-19 22:27:39,2016-10-19 22:27:39,2017-10-26 01:06:56
10515,2041,12493,0,10988,10988,4066,1,7001,4857,6,4785,4527,0,2,15,25,35,0,N,0,0,N,N,,N,N,1000000.0,349.0,0.0,349.0,,安徽省,2017-01-21 01:02:00,2017-01-22 00:00:00,2018-01-21 23:59:59,2017-01-21 01:02:00,,,自动核保通过,2017-01-21 01:02:00,2017-01-21 01:02:00,2018-01-22 03:16:02
13411,3061,13613,0,13314,13314,4017,1,8084,4857,6,4804,4545,0,2,15,25,35,0,N,0,0,N,N,,N,N,1000000.0,949.0,0.0,949.0,,浙江省,2017-02-23 20:54:02,2017-02-24 00:00:00,2018-02-23 23:59:59,2017-02-23 20:54:02,,,自动核保通过,2017-02-23 20:54:02,2017-02-23 20:54:02,2018-02-24 02:40:33
5528,14062,8686,23,5498,5498,4485,2,10861,2371,6,4533,4575,1,2,0,20,16,0,N,0,0,N,N,,N,N,1000000.0,474.0,0.0,474.0,,黑龙江省,2016-11-09 18:20:37,2016-11-10 00:00:00,2017-11-09 23:59:59,2016-11-09 18:20:37,,,自动核保通过,2016-11-09 18:21:19,2016-11-09 18:21:19,2017-11-10 01:25:54
15595,4060,14675,0,15434,15434,4251,1,8909,4857,6,3769,4415,0,2,15,25,35,0,N,0,0,N,N,,N,N,1000000.0,949.0,0.0,949.0,,四川省,2017-03-20 22:23:02,2017-03-21 00:00:00,2018-03-20 23:59:59,2017-03-20 22:23:02,,,自动核保通过,2017-03-20 22:23:02,2017-03-20 22:23:02,2018-03-21 00:57:28
9214,933,11288,0,8456,8456,3586,1,5870,4857,6,3692,3452,0,2,15,25,35,0,N,0,0,N,N,,N,N,1000000.0,949.0,0.0,949.0,,云南省,2016-12-15 10:37:00,2016-12-16 00:00:00,2017-12-15 23:59:59,2016-12-15 10:37:00,,,自动核保通过,2016-12-15 10:37:00,2016-12-15 10:37:01,2017-12-16 00:58:39
19172,15883,5475,0,18995,18995,3422,0,10381,4857,6,4202,3951,1,2,0,25,35,0,N,0,0,N,N,,N,N,1000000.0,112.0,0.0,112.0,,上海市,2017-04-30 14:31:00,2017-05-01 00:00:00,2018-04-30 23:59:59,2017-04-30 14:31:00,,Augeas出单-自动核保通过,自动核保通过,2017-04-30 14:31:00,2017-04-30 14:31:01,2018-05-01 01:14:04
11103,10025,1190,29,11440,11439,3782,2,15173,3359,6,3948,4016,1,2,0,20,98,0,N,0,0,N,N,,N,N,1000000.0,428.0,0.0,428.0,,广东省,2017-01-26 14:02:12,2017-01-27 00:00:00,2018-01-26 23:59:59,2017-01-26 14:02:12,,,自动核保通过,2017-01-26 14:03:05,2017-01-26 14:03:05,2018-01-27 02:07:20
11616,2265,12737,0,11504,11503,3799,1,7329,4857,6,3945,3974,0,2,15,25,35,0,N,0,0,N,N,,N,N,1000000.0,428.0,0.0,428.0,,河南省,2017-02-02 13:39:00,2017-02-03 00:00:00,2018-02-02 23:59:59,2017-02-02 13:39:00,,,自动核保通过,2017-02-02 13:39:00,2017-02-02 13:39:00,2018-02-03 03:27:06
4927,7009,17414,0,4884,4884,3920,1,4475,4857,6,4031,3781,0,2,15,25,35,0,N,0,0,N,N,,N,N,1000000.0,279.0,0.0,279.0,,湖南省,2016-11-01 00:05:04,2016-11-02 00:00:00,2017-11-01 23:59:59,2016-11-01 00:05:04,,,自动核保通过,2016-11-01 00:05:04,2016-11-01 00:05:04,2017-11-02 03:56:10
16747,17783,3531,29,16609,16609,3683,2,17555,4373,6,4015,3765,1,2,0,36,98,0,N,0,0,N,N,,N,N,3000000.0,556.0,31.471698,524.528302,,四川省,2017-03-31 14:54:19,2017-04-01 00:00:00,2018-03-31 23:59:59,2017-03-31 14:54:19,,1.若以有社会医疗保险身份投保，但未以社会医疗保险身份就诊并结算的，本保险按照应 赔付金额的60%进行赔付。 2.本保单疾病治疗的等待期为30天，扁桃腺、甲状腺、疝气、女性生殖系统疾病的检查与治疗等待期为120天。意外医疗及连续投保无等待期。3.退保手续费率35%。,自动核保通过,2017-03-31 14:55:27,2017-03-31 14:55:27,2018-04-01 00:32:03
15412,17265,2765,29,15123,15123,3750,2,16873,2608,6,879,4031,1,2,0,36,98,0,N,0,0,N,N,,N,N,3000000.0,866.0,49.018868,816.981132,,陕西省,2017-03-19 11:24:44,2017-03-20 00:00:00,2018-03-19 23:59:59,2017-03-19 11:24:44,,1.若以有社会医疗保险身份投保，但未以社会医疗保险身份就诊并结算的，本保险按照应 赔付金额的60%进行赔付。 2.本保单疾病治疗的等待期为30天，扁桃腺、甲状腺、疝气、女性生殖系统疾病的检查与治疗等待期为120天。意外医疗及连续投保无等待期。3.退保手续费率35%。,自动核保通过,2017-03-19 11:26:01,2017-03-19 11:26:01,2018-03-20 03:37:54
11977,2482,12977,0,11766,11765,3777,1,7545,4857,6,897,672,0,2,15,25,35,0,N,0,0,N,N,,N,N,1000000.0,279.0,0.0,279.0,,黑龙江省,2017-02-08 22:44:06,2017-02-09 00:00:00,2018-02-08 23:59:59,2017-02-08 22:44:06,,,自动核保通过,2017-02-08 22:44:06,2017-02-08 22:44:06,2018-02-09 00:13:35
13412,16284,1890,29,13127,13127,586,2,15953,645,10,848,639,1,2,0,36,98,0,N,0,0,N,N,,N,N,3000000.0,286.0,16.188679,269.811321,,湖北省,2017-02-23 22:25:08,2017-02-24 00:00:00,2018-02-23 23:59:59,2017-02-23 22:25:08,,1.若以有社会医疗保险身份投保，但未以社会医疗保险身份就诊并结算的，本保险按照应 赔付金额的60%进行赔付。 2.本保单疾病治疗的等待期为30天，扁桃腺、甲状腺、疝气、女性生殖系统疾病的检查与治疗等待期为120天。意外医疗及连续投保无等待期。3.退保手续费率35%。,自动核保通过,2017-02-23 22:25:37,2017-02-23 22:25:37,2018-04-09 10:43:03
16243,17383,3138,29,16102,16102,573,2,17299,3811,6,611,703,1,2,0,36,98,0,N,0,0,N,N,,N,N,3000000.0,866.0,49.018868,816.981132,,天津,2017-03-27 15:38:36,2017-03-28 00:00:00,2018-03-27 23:59:59,2017-03-27 15:38:36,,1.若以有社会医疗保险身份投保，但未以社会医疗保险身份就诊并结算的，本保险按照应 赔付金额的60%进行赔付。 2.本保单疾病治疗的等待期为30天，扁桃腺、甲状腺、疝气、女性生殖系统疾病的检查与治疗等待期为120天。意外医疗及连续投保无等待期。3.退保手续费率35%。,自动核保通过,2017-03-27 15:39:47,2017-03-27 15:39:47,2018-03-28 05:03:43
11959,10303,2019,29,11877,11876,425,2,15427,1974,6,1061,553,1,2,0,20,98,0,N,0,0,N,N,,N,N,1000000.0,474.0,0.0,474.0,,浙江省,2017-02-10 15:21:53,2017-02-11 00:00:00,2018-02-10 23:59:59,2017-02-10 15:21:53,,,自动核保通过,2017-02-10 15:22:04,2017-02-10 15:22:04,2018-02-11 00:52:56
3984,13402,8053,23,4042,4042,511,2,3204,2371,6,1076,570,1,2,0,20,16,0,N,0,0,N,N,,N,N,1000000.0,279.0,15.792453,263.207547,,广西壮族自治区,2016-10-20 07:02:03,2016-10-21 00:00:00,2017-10-20 23:59:59,2016-10-20 07:02:03,,,自动核保通过,2016-10-20 07:03:42,2016-10-20 07:03:42,2017-10-21 04:21:55
13281,10644,1869,29,13101,13101,486,2,15955,225,6,1182,974,1,2,0,20,98,0,N,0,0,N,N,,N,N,1000000.0,428.0,0.0,428.0,0.0,上海,2017-02-23 22:42:57,2017-02-24 00:00:00,2018-02-23 23:59:59,2017-02-23 22:42:57,,,自动核保通过,2017-02-23 22:43:19,2017-02-23 22:43:19,2018-02-24 03:55:22
9522,1336,11719,0,9346,9346,835,1,6220,4857,6,964,1058,0,2,15,25,35,0,N,0,0,N,N,,N,N,1000000.0,349.0,0.0,349.0,,山东省,2016-12-30 16:54:00,2016-12-31 00:00:00,2017-12-30 23:59:59,2016-12-30 16:54:00,,,自动核保通过,2016-12-30 16:54:00,2016-12-30 16:54:00,2017-12-31 01:30:12
17029,10778,3519,29,16811,16811,960,2,17688,729,6,1019,817,1,2,0,20,98,0,N,0,0,N,N,,N,N,1000000.0,326.0,0.0,326.0,,北京,2017-04-02 16:16:38,2017-04-03 00:00:00,2018-04-02 23:59:59,2017-04-02 16:16:38,,,自动核保通过,2017-04-02 16:19:44,2017-04-02 16:19:44,2018-04-03 04:06:27
9852,1443,11829,0,9600,9600,909,1,6480,4857,6,1040,821,0,2,15,26,35,0,N,0,0,N,N,,N,N,1000000.0,780.0,0.0,780.0,,湖南省,2017-01-05 13:12:03,2017-01-06 00:00:00,2018-01-05 23:59:59,2017-01-05 13:12:03,,,自动核保通过,2017-01-05 13:12:03,2017-01-05 13:12:03,2018-01-06 01:18:21
13231,2397,12884,0,11708,11707,925,1,7514,4857,6,981,780,0,2,15,26,35,0,N,0,0,N,N,,N,N,1000000.0,1388.0,0.0,1388.0,,安徽省,2017-02-08 03:56:00,2017-02-09 00:00:00,2018-02-08 23:59:59,2017-02-08 03:56:00,,,自动核保通过,2017-02-08 03:56:00,2017-02-08 03:56:00,2018-02-09 03:57:15
12237,1813,12240,0,10382,10382,699,1,6898,4857,6,220,882,0,2,15,25,35,0,N,0,0,N,N,,N,N,1000000.0,474.0,0.0,474.0,,江苏省,2017-01-17 16:18:01,2017-01-18 00:00:00,2018-01-17 23:59:59,2017-01-17 16:18:01,,,自动核保通过,2017-01-17 16:18:01,2017-01-17 16:18:01,2018-01-18 01:26:03
8716,785,11136,0,8183,8183,816,1,5723,4857,6,267,32,0,2,15,25,35,0,N,0,0,N,N,,N,N,1000000.0,349.0,0.0,349.0,,河南省,2016-12-11 11:24:00,2016-12-12 00:00:00,2017-12-11 23:59:59,2016-12-11 11:24:00,,,自动核保通过,2016-12-11 11:24:00,2016-12-11 11:24:00,2017-12-12 02:07:06
9871,1582,11984,0,11022,11022,792,1,6592,4857,6,236,75,0,2,15,25,35,0,N,0,0,N,N,,N,N,1000000.0,699.0,0.0,699.0,,天津,2017-01-08 11:11:02,2017-01-09 00:00:00,2018-01-08 23:59:59,2017-01-08 11:11:02,,,自动核保通过,2017-01-08 11:11:02,2017-01-08 11:11:02,2018-01-09 03:27:49
14376,3494,14088,0,14093,14093,137,1,8464,4857,6,72,123,0,2,15,25,35,0,N,0,0,N,N,,N,N,1000000.0,349.0,0.0,349.0,,河北省,2017-03-06 08:56:00,2017-03-07 00:00:00,2018-03-06 23:59:59,2017-03-06 08:56:00,,,自动核保通过,2017-03-06 08:56:00,2017-03-06 08:56:00,2018-03-07 02:05:47
99,426,10445,3,99,99,80,2,19105,4858,14,33,0,0,2,1,0,3,0,N,0,0,,,,,,300000.0,518.0,,,,江西省,2016-01-20 20:25:12,2016-01-21 00:00:00,2017-01-20 23:59:59,2016-01-20 20:25:31,,,,2016-01-20 20:25:31,2016-01-20 20:25:45,2018-04-13 10:02:44
18825,18582,5267,29,18576,18576,378,2,18497,4685,6,140,46,1,2,0,36,98,0,N,0,0,N,N,,N,N,3000000.0,1426.0,80.716981,1345.283019,,吉林省,2017-04-25 19:41:37,2017-04-26 00:00:00,2018-04-25 23:59:59,2017-04-25 19:41:37,,1.若以有社会医疗保险身份投保，但未以社会医疗保险身份就诊并结算的，本保险按照应 赔付金额的60%进行赔付。 2.本保单疾病治疗的等待期为30天，扁桃腺、甲状腺、疝气、女性生殖系统疾病的检查与治疗等待期为120天。意外医疗及连续投保无等待期。3.退保手续费率35%。,自动核保通过,2017-04-25 19:41:49,2017-04-25 19:41:49,2018-04-26 00:34:31
9049,9541,309,23,8844,8844,193,2,12547,3305,6,100,384,1,2,0,20,16,0,N,0,0,N,N,,N,N,1000000.0,799.0,0.0,799.0,,四川省,2016-12-23 17:47:49,2016-12-24 00:00:00,2017-12-23 23:59:59,2016-12-23 17:47:49,,,自动核保通过,2016-12-23 17:52:03,2016-12-23 17:52:03,2017-12-24 00:36:58
19089,15827,5344,0,18790,18790,211,0,10277,4857,6,94,360,1,2,0,25,35,0,N,0,0,N,N,,N,N,1000000.0,949.0,0.0,949.0,,上海市,2017-04-27 19:39:02,2017-04-28 00:00:00,2018-04-27 23:59:59,2017-04-27 19:39:02,,Augeas出单-自动核保通过,自动核保通过,2017-04-27 19:39:02,2017-04-27 19:39:02,2018-04-28 01:39:26
17318,18012,3769,29,17146,17146,18,2,17847,2792,6,577,406,1,2,0,36,98,0,N,0,0,N,N,,N,N,3000000.0,286.0,16.188679,269.811321,,广东省,2017-04-07 08:32:28,2017-04-08 00:00:00,2018-04-07 23:59:59,2017-04-07 08:32:28,,1.若以有社会医疗保险身份投保，但未以社会医疗保险身份就诊并结算的，本保险按照应 赔付金额的60%进行赔付。 2.本保单疾病治疗的等待期为30天，扁桃腺、甲状腺、疝气、女性生殖系统疾病的检查与治疗等待期为120天。意外医疗及连续投保无等待期。3.退保手续费率35%。,自动核保通过,2017-04-07 08:34:08,2017-04-07 08:34:08,2018-04-08 01:11:58
13310,8739,19127,6,13175,13175,163,2,14114,4858,6,567,403,0,2,19,27,55,0,N,0,0,N,N,,N,N,300000.0,405.0,0.0,405.0,,内蒙古自治区,2017-02-23 14:10:52,2017-02-24 00:00:00,2018-02-23 23:59:59,2017-02-23 14:10:52,,,,2017-02-23 14:10:52,2017-02-23 14:10:52,2018-02-24 00:50:59
16561,17459,3387,29,16405,16405,100,2,17428,3038,6,322,269,1,2,0,36,98,0,N,0,0,N,N,,N,N,3000000.0,556.0,31.471698,524.528302,,河南省,2017-03-29 16:36:28,2017-03-30 00:00:00,2018-03-29 23:59:59,2017-03-29 16:36:28,,1.若以有社会医疗保险身份投保，但未以社会医疗保险身份就诊并结算的，本保险按照应 赔付金额的60%进行赔付。 2.本保单疾病治疗的等待期为30天，扁桃腺、甲状腺、疝气、女性生殖系统疾病的检查与治疗等待期为120天。意外医疗及连续投保无等待期。3.退保手续费率35%。,自动核保通过,2017-03-29 16:37:23,2017-03-29 16:37:24,2018-03-30 03:50:38
15429,17035,2751,29,15138,15138,1728,2,16847,482,6,403,1860,1,2,0,36,98,0,N,0,0,N,N,,N,N,3000000.0,286.0,16.188679,269.811321,,江苏省,2017-03-18 20:03:37,2017-03-19 00:00:00,2018-03-18 23:59:59,2017-03-18 20:03:37,,1.若以有社会医疗保险身份投保，但未以社会医疗保险身份就诊并结算的，本保险按照应 赔付金额的60%进行赔付。 2.本保单疾病治疗的等待期为30天，扁桃腺、甲状腺、疝气、女性生殖系统疾病的检查与治疗等待期为120天。意外医疗及连续投保无等待期。3.退保手续费率35%。,自动核保通过,2017-03-18 20:03:50,2017-03-18 20:03:50,2018-03-19 03:18:21
12346,10418,1436,29,12180,12179,1780,2,15523,577,6,2004,1806,1,2,0,20,98,0,N,0,0,N,N,,N,N,1000000.0,799.0,0.0,799.0,,湖南省,2017-02-16 10:36:17,2017-02-17 00:00:00,2018-02-16 23:59:59,2017-02-16 10:36:17,,,自动核保通过,2017-02-16 10:36:31,2017-02-16 10:36:31,2018-02-17 00:24:35
11456,2065,12518,0,11257,11257,1677,1,7028,4857,6,1877,1685,0,2,15,25,35,0,N,0,0,N,N,,N,N,1000000.0,279.0,0.0,279.0,,安徽省,2017-01-21 19:15:00,2017-01-22 00:00:00,2018-01-21 23:59:59,2017-01-21 19:15:00,,,自动核保通过,2017-01-21 19:15:00,2017-01-21 19:15:00,2018-01-22 02:04:15
4346,13770,8204,23,4307,4307,2050,2,3357,208,6,1920,1745,1,2,0,20,16,0,N,0,0,N,N,,N,N,1000000.0,474.0,26.830189,447.169811,,黑龙江省,2016-10-24 16:07:00,2016-10-25 00:00:00,2017-10-24 23:59:59,2016-10-24 16:07:00,,,自动核保通过,2016-10-24 16:08:46,2016-10-24 16:08:46,2017-10-26 01:57:54
10072,9718,678,23,9997,9997,2117,2,14761,1144,6,2312,2126,1,2,0,20,16,0,N,0,0,N,N,,N,N,1000000.0,474.0,0.0,474.0,,湖南省,2017-01-09 17:13:41,2017-01-10 00:00:00,2018-01-09 23:59:59,2017-01-09 17:13:41,,,自动核保通过,2017-01-09 17:14:01,2017-01-09 17:14:02,2018-01-11 02:55:37
13333,2474,12969,0,11757,11756,2004,1,7530,4857,6,2378,2175,0,2,15,25,35,0,N,0,0,N,N,,N,N,1000000.0,474.0,0.0,474.0,,江苏省,2017-02-08 14:17:00,2017-02-09 00:00:00,2018-02-08 23:59:59,2017-02-08 14:17:01,,,自动核保通过,2017-02-08 14:17:00,2017-02-08 14:17:01,2018-02-09 03:25:25
11563,8366,12642,19,11223,11223,1870,1,18972,4857,6,2335,4,0,2,15,20,12,0,N,0,0,N,N,,N,N,1000000.0,349.0,0.0,349.0,,辽宁省,2017-01-25 11:22:33,2017-01-26 00:00:00,2018-01-25 23:59:59,2017-01-25 11:22:33,,,自动核保通过,2017-01-25 11:22:33,2017-01-25 11:22:33,2018-01-26 03:56:29
6825,14809,9318,23,6361,6361,1887,2,11548,2485,6,2354,2021,1,2,0,20,16,0,N,0,0,N,N,,N,N,1000000.0,244.0,0.0,244.0,,湖北省,2016-11-13 13:36:52,2016-11-14 00:00:00,2017-11-13 23:59:59,2016-11-13 13:36:52,,,自动核保通过,2016-11-13 13:38:03,2016-11-13 13:38:03,2017-11-14 02:47:13
11343,10119,960,23,12386,12385,1148,2,15047,147,6,2202,1282,1,2,0,20,16,0,N,0,0,N,N,,N,N,1000000.0,428.0,0.0,428.0,,山东省,2017-01-20 19:25:50,2017-01-21 00:00:00,2018-01-20 23:59:59,2017-01-20 19:25:50,,,自动核保通过,2017-01-20 19:27:02,2017-01-20 19:27:02,2018-01-21 00:52:54
11245,2238,12708,0,11061,11061,1204,1,7309,4857,6,1381,1346,0,2,15,25,35,0,N,0,0,N,N,,N,N,1000000.0,349.0,0.0,349.0,,四川省,2017-02-01 08:17:00,2017-02-02 00:00:00,2018-02-01 23:59:59,2017-02-01 08:17:00,,,自动核保通过,2017-02-01 08:17:00,2017-02-01 08:17:00,2018-02-02 02:10:40
7006,7784,18255,0,7616,7616,983,1,5188,4857,6,1455,1122,0,1,15,25,35,0,N,0,0,N,N,,N,N,1000000.0,0.0,0.0,0.0,,湖南省,2016-11-21 16:17:04,2016-11-22 00:00:00,2017-11-21 23:59:59,2016-11-21 16:17:04,2016-11-22 00:00:00,,自动核保通过,2016-11-21 16:17:04,2016-11-21 16:17:05,2016-12-02 16:56:00
2537,12296,6927,23,2212,2212,996,2,2070,1677,6,1244,1081,1,2,0,20,16,0,N,0,0,N,N,,N,N,1000000.0,587.0,33.226415,553.773585,,河南省,2016-09-21 10:18:15,2016-09-22 00:00:00,2017-09-21 23:59:59,2016-09-21 10:18:15,,,自动核保通过,2016-09-21 10:20:09,2016-09-21 10:20:09,2017-09-22 04:41:54
1144,11487,6069,23,1474,1474,1462,2,1256,123,6,1347,1164,1,2,0,20,16,0,N,0,0,N,N,,N,N,1000000.0,279.0,15.792453,263.207547,6634.64,湖北省,2016-09-08 21:39:14,2016-09-09 00:00:00,2017-09-08 23:59:59,2016-09-08 21:39:14,,,自动核保通过,2016-09-08 21:39:26,2016-09-08 21:39:27,2017-11-16 17:42:20
16114,10731,3166,89,15809,15809,1363,2,17243,4470,6,1622,1434,1,2,0,20,57,0,N,0,0,N,N,,N,N,1000000.0,279.0,0.0,279.0,,陕西省,2017-03-26 14:46:35,2017-03-27 00:00:00,2018-03-26 23:59:59,2017-03-26 14:46:35,,,自动核保通过,2017-03-26 14:46:59,2017-03-26 14:46:59,2018-03-27 02:09:55
936,11137,5762,23,908,908,7704,2,900,807,6,1591,7805,1,2,0,20,16,0,N,0,0,N,N,,N,N,1000000.0,474.0,26.830189,447.169811,,河北省,2016-08-30 09:26:21,2016-08-31 00:00:00,2017-08-30 23:59:59,2016-08-30 09:26:21,,,自动核保通过,2016-08-30 09:26:37,2016-08-30 09:26:37,2017-08-31 03:11:48
13287,16238,1892,29,13137,13137,7641,2,15974,4077,10,1601,7831,1,1,0,36,98,0,N,0,0,N,N,,N,N,3000000.0,0.0,0.0,0.0,,江苏省,2017-02-24 10:45:43,2017-02-25 00:00:00,2018-02-24 23:59:59,2017-02-24 10:45:43,2017-02-25 00:00:00,1.若以有社会医疗保险身份投保，但未以社会医疗保险身份就诊并结算的，本保险按照应 赔付金额的60%进行赔付。 2.本保单疾病治疗的等待期为30天，扁桃腺、甲状腺、疝气、女性生殖系统疾病的检查与治疗等待期为120天。意外医疗及连续投保无等待期。3.退保手续费率35%。,自动核保通过,2017-02-24 10:46:11,2017-02-24 10:46:11,2018-04-09 11:05:20
1598,11423,6350,23,1961,1961,7713,2,1551,166,6,8029,7790,1,2,0,20,16,0,N,0,0,N,N,,N,N,1000000.0,428.0,24.226415,403.773585,,湖北省,2016-09-12 07:39:41,2016-09-13 00:00:00,2017-09-12 23:59:59,2016-09-12 07:39:41,,,自动核保通过,2016-09-12 07:40:14,2016-09-12 07:40:15,2017-09-14 04:30:49
5534,5506,17620,24,5347,5347,7740,1,12969,4857,6,8097,7842,0,2,15,21,45,0,N,0,0,N,N,,N,N,300000.0,194.0,0.0,194.0,,湖北省,2016-11-10 00:11:28,2016-11-11 00:00:00,2017-11-10 23:59:59,2016-11-10 00:11:29,,,自动核保通过,2016-11-10 00:11:28,2016-11-10 00:11:29,2017-11-11 01:19:51
18120,15462,4551,0,18021,18021,7639,0,9899,4857,6,8088,7851,1,2,0,25,35,0,N,0,0,N,N,,N,N,1000000.0,279.0,0.0,279.0,,上海市,2017-04-16 16:10:04,2017-04-17 00:00:00,2018-04-16 23:59:59,2017-04-16 16:10:04,,Augeas出单-自动核保通过,自动核保通过,2017-04-16 16:10:04,2017-04-16 16:10:04,2018-04-17 00:47:54
15546,4033,14649,0,15402,15402,7632,1,8902,4857,6,7858,7734,0,2,15,25,35,0,N,0,0,N,N,,N,N,1000000.0,799.0,0.0,799.0,,湖北省,2017-03-20 20:01:00,2017-03-21 00:00:00,2018-03-20 23:59:59,2017-03-20 20:01:00,,,自动核保通过,2017-03-20 20:01:00,2017-03-20 20:01:00,2018-03-21 01:39:07
6654,14205,9097,23,6145,6145,7593,2,11457,211,6,7949,7694,1,2,0,20,16,0,N,0,0,N,N,,N,N,1000000.0,300.0,0.0,300.0,,四川省,2016-11-12 20:54:15,2016-11-13 00:00:00,2017-11-12 23:59:59,2016-11-12 20:54:15,,,自动核保通过,2016-11-12 20:56:42,2016-11-12 20:56:42,2017-11-13 00:46:41
3107,12921,7553,23,3090,3090,8001,2,2690,276,6,7911,8105,1,2,0,20,16,0,N,0,0,N,N,,N,N,1000000.0,949.0,53.716981,895.283019,,湖北省,2016-10-03 14:22:09,2016-10-04 00:00:00,2017-10-03 23:59:59,2016-10-03 14:22:09,,,自动核保通过,2016-10-03 14:22:32,2016-10-03 14:22:32,2017-10-04 01:53:50
8171,776,11126,0,8233,8233,7849,1,5747,4857,6,8358,7961,0,2,15,25,35,0,N,0,0,N,N,,N,N,1000000.0,279.0,0.0,279.0,,河南省,2016-12-11 22:33:00,2016-12-12 00:00:00,2017-12-11 23:59:59,2016-12-11 22:33:00,,,自动核保通过,2016-12-11 22:33:00,2016-12-11 22:33:00,2017-12-12 03:29:08
19243,15945,5501,0,19249,19249,7803,0,10366,4857,6,8380,7975,1,2,0,26,35,0,N,0,0,N,N,,N,N,1000000.0,587.0,0.0,587.0,,上海市,2017-04-30 06:07:06,2017-05-01 00:00:00,2018-04-30 23:59:59,2017-04-30 06:07:06,,Augeas出单-自动核保通过,自动核保通过,2017-04-30 06:07:06,2017-04-30 06:07:06,2018-05-01 04:44:51
2733,5333,16401,24,2364,2364,7912,1,12813,4857,6,8197,7927,0,2,15,21,45,0,N,0,0,N,N,,N,N,300000.0,130.0,7.358491,122.641509,,湖南省,2016-09-22 22:42:35,2016-09-23 00:00:00,2017-09-22 23:59:59,2016-09-22 22:42:35,,,自动核保通过,2016-09-22 22:42:35,2016-09-22 22:42:36,2017-09-23 03:31:12
8830,9100,93,23,8296,8296,7914,2,12294,3466,6,8193,7938,1,2,0,20,16,0,N,0,0,N,N,,N,N,1000000.0,949.0,0.0,949.0,,四川省,2016-12-12 19:30:09,2016-12-13 00:00:00,2017-12-12 23:59:59,2016-12-12 19:30:09,,,自动核保通过,2016-12-12 19:30:37,2016-12-12 19:30:37,2017-12-13 00:54:57
13426,16764,1798,29,13319,13319,7169,2,15977,1628,10,7441,7196,1,2,0,36,98,0,N,0,0,N,N,,N,N,3000000.0,1426.0,80.716981,1345.283019,,湖北省,2017-02-24 11:12:39,2017-02-25 00:00:00,2018-02-24 23:59:59,2017-02-24 11:12:39,,1.若以有社会医疗保险身份投保，但未以社会医疗保险身份就诊并结算的，本保险按照应 赔付金额的60%进行赔付。 2.本保单疾病治疗的等待期为30天，扁桃腺、甲状腺、疝气、女性生殖系统疾病的检查与治疗等待期为120天。意外医疗及连续投保无等待期。3.退保手续费率35%。,自动核保通过,2017-02-24 11:12:59,2017-02-24 11:12:59,2018-04-09 10:43:25
10209,1641,12049,0,10025,10025,7132,1,6694,4857,6,7403,7309,0,2,15,25,35,0,N,0,0,N,N,,N,N,1000000.0,949.0,0.0,949.0,,湖南省,2017-01-11 12:45:04,2017-01-12 00:00:00,2018-01-11 23:59:59,2017-01-11 12:45:04,,,自动核保通过,2017-01-11 12:45:04,2017-01-11 12:45:04,2018-01-12 02:01:24
7432,7908,18389,0,8018,8018,6951,1,5317,4857,6,7462,7163,0,1,15,25,35,0,N,0,0,N,N,,N,N,1000000.0,0.0,0.0,0.0,,四川省,2016-11-27 00:40:00,2016-11-28 00:00:00,2017-11-27 23:59:59,2016-11-27 00:40:00,2016-11-28 00:00:00,,自动核保通过,2016-11-27 00:40:00,2016-11-27 00:40:00,2017-09-06 13:53:30
6431,14698,9359,23,6304,6304,7040,2,11549,467,6,7234,7140,1,2,0,20,16,0,N,0,0,N,N,,N,N,1000000.0,664.0,0.0,664.0,,四川省,2016-11-13 13:51:03,2016-11-14 00:00:00,2017-11-13 23:59:59,2016-11-13 13:51:03,,,自动核保通过,2016-11-13 13:52:32,2016-11-13 13:52:32,2017-11-14 02:05:59
18597,15648,4982,0,19175,19175,6982,0,10124,4857,6,7250,7157,1,2,0,25,35,0,N,0,0,N,N,,N,N,1000000.0,349.0,0.0,349.0,,上海市,2017-04-22 14:40:01,2017-04-23 00:00:00,2018-04-22 23:59:59,2017-04-22 14:40:01,,Augeas出单-自动核保通过,自动核保通过,2017-04-22 14:40:01,2017-04-22 14:40:01,2018-04-23 00:48:45
18253,15492,4672,0,18076,18076,6975,0,9967,4857,6,7243,7150,1,2,0,25,35,0,N,0,0,N,N,,N,N,1000000.0,219.0,0.0,219.0,,上海市,2017-04-18 10:58:05,2017-04-19 00:00:00,2018-04-18 23:59:59,2017-04-18 10:58:05,,Augeas出单-自动核保通过,自动核保通过,2017-04-18 10:58:05,2017-04-18 10:58:05,2018-04-19 01:44:51
7436,7999,18481,0,7398,7398,6994,1,5384,4857,6,7335,7092,0,2,15,25,35,0,N,0,0,N,N,,N,N,1000000.0,279.0,0.0,279.0,,河南省,2016-11-29 03:00:00,2016-11-30 00:00:00,2017-11-29 23:59:59,2016-11-29 03:00:00,,,自动核保通过,2016-11-29 03:00:00,2016-11-29 03:00:00,2017-11-30 01:54:12
1603,11774,6320,23,1528,1528,7484,2,1480,1183,6,7679,7582,1,2,0,20,16,0,N,0,0,N,N,,N,N,1000000.0,428.0,24.226415,403.773585,,山东省,2016-09-10 23:37:03,2016-09-11 00:00:00,2017-09-10 23:59:59,2016-09-10 23:37:03,,,自动核保通过,2016-09-10 23:38:07,2016-09-10 23:38:07,2017-09-11 02:21:12
15323,3931,14545,0,15151,15151,7245,1,8826,4857,6,7813,7567,0,2,15,25,35,0,N,0,0,N,N,,N,N,1000000.0,279.0,0.0,279.0,,福建省,2017-03-18 10:21:00,2017-03-19 00:00:00,2018-03-18 23:59:59,2017-03-18 10:21:00,,,自动核保通过,2017-03-18 10:21:00,2017-03-18 10:21:00,2018-03-19 03:57:54
19235,5244,15845,7,19023,19023,7202,2,18827,4858,6,7673,7372,0,2,24,35,75,0,N,0,0,N,N,,N,N,1000000.0,235.0,0.0,235.0,,北京市,2017-04-30 22:26:52,2017-05-01 00:00:00,2018-04-30 23:59:59,2017-04-30 22:26:52,,,,2017-04-30 22:26:52,2017-04-30 22:26:52,2018-05-01 01:13:04
10004,9378,696,23,9124,9124,7307,2,12602,2210,6,7537,7385,1,2,0,20,16,0,N,0,0,N,N,,N,N,1000000.0,349.0,0.0,349.0,,内蒙古自治区,2016-12-26 23:03:18,2016-12-27 00:00:00,2017-12-26 23:59:59,2016-12-26 23:03:18,,,自动核保通过,2016-12-26 23:07:00,2016-12-26 23:07:00,2017-12-27 01:58:22
7414,15064,9546,23,6789,6789,7325,2,10844,2306,12,7554,7440,1,2,0,20,16,0,N,0,0,N,N,,N,N,1000000.0,799.0,0.0,799.0,,四川省,2016-11-08 23:17:07,2016-11-09 00:00:00,2017-11-08 23:59:59,2016-11-08 23:17:07,,,自动核保通过,2016-11-09 00:00:00,2016-11-17 13:50:17,2018-06-14 17:16:04
3318,13046,7612,23,3291,3291,7271,2,2804,2471,6,7649,7444,1,2,0,20,16,0,N,0,0,N,N,,N,N,1000000.0,949.0,53.716981,895.283019,,天津,2016-10-08 16:13:57,2016-10-09 00:00:00,2017-10-08 23:59:59,2016-10-08 16:13:57,,,自动核保通过,2016-10-08 16:14:30,2016-10-08 16:14:30,2017-10-09 02:04:06
3914,13317,7962,23,4368,4368,8869,2,3090,477,6,7632,7408,1,2,0,20,16,0,N,0,0,N,N,,N,N,1000000.0,349.0,19.754717,329.245283,,安徽省,2016-10-16 10:47:53,2016-10-17 00:00:00,2017-10-16 23:59:59,2016-10-16 10:47:53,,,自动核保通过,2016-10-16 10:48:17,2016-10-16 10:48:17,2017-10-17 02:47:50
11994,2605,13117,0,11956,11955,8883,1,7627,4857,6,7627,9008,0,2,15,25,35,0,N,0,0,N,N,,N,N,1000000.0,349.0,0.0,349.0,,黑龙江省,2017-02-10 23:14:02,2017-02-11 00:00:00,2018-02-10 23:59:59,2017-02-10 23:14:02,,,自动核保通过,2017-02-10 23:14:02,2017-02-10 23:14:02,2018-02-11 00:51:27
17363,17969,3810,29,17159,17159,8843,2,17894,679,6,9224,8968,1,2,0,36,98,0,N,0,0,N,N,,N,N,3000000.0,866.0,49.018868,816.981132,,四川省,2017-04-08 16:17:11,2017-04-09 00:00:00,2018-04-08 23:59:59,2017-04-08 16:17:11,,1.若以有社会医疗保险身份投保，但未以社会医疗保险身份就诊并结算的，本保险按照应 赔付金额的60%进行赔付。 2.本保单疾病治疗的等待期为30天，扁桃腺、甲状腺、疝气、女性生殖系统疾病的检查与治疗等待期为120天。意外医疗及连续投保无等待期。3.退保手续费率35%。,自动核保通过,2017-04-08 16:17:31,2017-04-08 16:17:31,2018-04-09 01:49:09
2598,12358,7387,23,2267,2267,8952,2,2131,397,6,9239,8982,1,2,0,20,16,0,N,0,0,N,N,,N,N,1000000.0,474.0,26.830189,447.169811,,广西壮族自治区,2016-09-22 08:04:38,2016-09-23 00:00:00,2017-09-22 23:59:59,2016-09-22 08:04:38,,,自动核保通过,2016-09-22 08:05:35,2016-09-22 08:05:35,2017-09-23 00:05:56
12803,2866,13400,0,12633,12633,8732,1,7952,4857,6,9261,8854,0,2,15,25,35,0,N,0,0,N,N,,N,N,1000000.0,349.0,0.0,349.0,,浙江省,2017-02-20 11:34:17,2017-02-21 00:00:00,2018-02-20 23:59:59,2017-02-20 11:34:17,,,自动核保通过,2017-02-20 11:34:17,2017-02-20 11:34:17,2018-02-21 03:06:43
12085,2531,13036,0,11911,11910,8803,1,7606,4857,6,9088,8832,0,2,15,25,35,0,N,0,0,N,N,,N,N,1000000.0,219.0,0.0,219.0,,浙江省,2017-02-10 15:22:00,2017-02-11 00:00:00,2018-02-10 23:59:59,2017-02-10 15:22:00,,,自动核保通过,2017-02-10 15:22:00,2017-02-10 15:22:00,2018-02-11 04:01:53
9029,1144,11511,0,9693,9693,8796,1,6055,4857,6,9062,8825,0,2,15,25,35,0,N,0,0,N,N,,N,N,1000000.0,474.0,0.0,474.0,,江苏省,2016-12-22 21:33:12,2016-12-23 00:00:00,2017-12-22 23:59:59,2016-12-22 21:33:12,,,自动核保通过,2016-12-22 21:33:12,2016-12-22 21:33:13,2017-12-23 02:19:01
13264,3074,13629,0,13081,13081,9071,1,8049,4857,6,9467,9206,0,2,15,25,35,0,N,0,0,N,N,,N,N,1000000.0,349.0,0.0,349.0,,福建省,2017-02-22 23:19:12,2017-02-23 00:00:00,2018-02-22 23:59:59,2017-02-22 23:19:12,,,自动核保通过,2017-02-22 23:19:12,2017-02-22 23:19:12,2018-02-23 00:55:56
13941,16423,2112,29,13714,13714,8256,2,16185,4107,10,8639,8386,1,2,0,36,98,0,N,0,0,N,N,,N,N,3000000.0,226.0,12.792453,213.207547,,重庆,2017-02-28 20:10:42,2017-03-01 00:00:00,2018-02-28 23:59:59,2017-02-28 20:10:42,,1.若以有社会医疗保险身份投保，但未以社会医疗保险身份就诊并结算的，本保险按照应 赔付金额的60%进行赔付。 2.本保单疾病治疗的等待期为30天，扁桃腺、甲状腺、疝气、女性生殖系统疾病的检查与治疗等待期为120天。意外医疗及连续投保无等待期。3.退保手续费率35%。,自动核保通过,2017-02-28 20:11:26,2017-02-28 20:11:26,2018-04-09 11:04:07
15105,3785,14387,0,14804,14804,8318,1,8728,4857,6,8702,8488,0,2,15,25,35,0,N,0,0,N,N,,N,N,1000000.0,279.0,0.0,279.0,,江苏省,2017-03-14 15:48:01,2017-03-15 00:00:00,2018-03-14 23:59:59,2017-03-14 15:48:01,,,自动核保通过,2017-03-14 15:48:01,2017-03-14 15:48:01,2018-03-15 03:26:14
17301,4818,15483,8,17010,17010,8325,2,657,4858,6,8707,8436,0,2,23,34,62,0,N,0,0,N,N,,N,N,1000000.0,474.0,0.0,474.0,,山东省,2017-04-07 09:02:48,2017-04-08 00:00:00,2018-04-07 23:59:59,2017-04-07 09:02:49,,,,2017-04-07 09:02:49,2017-04-07 09:02:49,2018-04-08 04:07:46
15548,4077,14694,0,16950,16950,8193,1,8908,4857,6,8500,8344,0,2,15,25,35,0,N,0,0,N,N,,N,N,1000000.0,349.0,0.0,349.0,,广西壮族自治区,2017-03-20 21:07:00,2017-03-21 00:00:00,2018-03-20 23:59:59,2017-03-20 21:07:00,,,自动核保通过,2017-03-20 21:07:00,2017-03-20 21:07:00,2018-03-21 04:05:36
7773,10945,10058,23,8331,8331,8161,2,12048,1271,6,8542,8292,1,2,0,20,16,0,N,0,0,N,N,,N,N,1000000.0,349.0,0.0,349.0,,湖南省,2016-12-01 19:57:18,2016-12-02 00:00:00,2017-12-01 23:59:59,2016-12-01 19:57:18,,,自动核保通过,2016-12-01 19:58:01,2016-12-01 19:58:02,2017-12-02 00:33:35
7397,7892,18374,0,7327,7327,8574,1,5314,4857,6,8502,8701,0,2,15,25,35,0,N,0,0,N,N,,N,N,1000000.0,428.0,0.0,428.0,,江苏省,2016-11-26 23:06:02,2016-11-27 00:00:00,2017-11-26 23:59:59,2016-11-26 23:06:03,,,自动核保通过,2016-11-26 23:06:02,2016-11-26 23:06:03,2017-11-27 00:27:47
1430,11362,6606,23,1124,1124,8544,2,1152,598,6,8727,8717,1,2,0,20,16,0,N,0,0,N,N,,N,N,1000000.0,428.0,24.226415,403.773585,,四川省,2016-09-08 05:28:32,2016-09-09 00:00:00,2017-09-08 23:59:59,2016-09-08 05:28:32,,,自动核保通过,2016-09-08 05:29:04,2016-09-08 05:29:05,2017-09-09 01:41:29
17402,5060,15517,27,17108,17107,8547,2,12712,4858,6,8930,8670,0,2,15,20,93,0,N,0,0,N,N,,N,N,1000000.0,112.0,0.0,112.0,,湖北省,2017-04-07 18:46:00,2017-04-08 00:00:00,2018-04-07 23:59:59,2017-04-07 18:46:02,,,自动核保通过,2017-04-07 18:46:02,2017-04-07 18:46:02,2018-04-08 04:55:26
2741,12416,7081,23,2359,2359,8605,2,2226,358,6,8992,8742,1,2,0,20,16,0,N,0,0,N,N,,N,N,1000000.0,112.0,6.339623,105.660377,,江苏省,2016-09-23 11:30:38,2016-09-24 00:00:00,2017-09-23 23:59:59,2016-09-23 11:30:38,,,自动核保通过,2016-09-23 11:31:06,2016-09-23 11:31:06,2017-09-24 01:33:13
9670,1404,11789,0,9471,9471,8622,1,6384,4857,6,9025,8745,0,2,15,25,35,0,N,0,0,N,N,,N,N,1000000.0,428.0,0.0,428.0,,湖北省,2017-01-02 15:46:05,2017-01-03 00:00:00,2018-01-02 23:59:59,2017-01-02 15:46:05,,,自动核保通过,2017-01-02 15:46:05,2017-01-02 15:46:05,2018-01-03 01:55:46
15518,4063,14680,0,16865,16865,8449,1,8877,4857,6,8984,8546,0,2,15,25,35,0,N,0,0,N,N,,N,N,1000000.0,699.0,0.0,699.0,,江苏省,2017-03-19 17:11:00,2017-03-20 00:00:00,2018-03-19 23:59:59,2017-03-19 17:11:00,,,自动核保通过,2017-03-19 17:11:00,2017-03-19 17:11:00,2018-03-20 02:09:20
729,11104,5624,23,703,703,8394,2,726,86,6,8778,8565,1,2,0,20,16,0,N,0,0,N,N,,N,N,1000000.0,1269.0,71.830189,1197.169811,,浙江省,2016-08-18 14:40:23,2016-08-19 00:00:00,2017-08-18 23:59:59,2016-08-18 14:40:23,,,自动核保通过,2016-08-18 14:41:32,2016-08-18 14:41:32,2017-08-19 01:38:37
12205,10316,1402,29,13729,13729,8506,2,15471,3836,6,8761,8530,1,2,0,20,98,0,N,0,0,N,N,,N,N,1000000.0,349.0,0.0,349.0,,四川省,2017-02-13 21:37:06,2017-02-14 00:00:00,2018-02-13 23:59:59,2017-02-13 21:37:06,,,自动核保通过,2017-02-13 21:37:59,2017-02-13 21:37:59,2018-02-14 01:33:42
8578,953,11309,0,8486,8486,8525,1,5878,4857,6,8759,8622,0,2,15,25,35,0,N,0,0,N,N,,N,N,1000000.0,279.0,0.0,279.0,,湖北省,2016-12-15 22:40:07,2016-12-16 00:00:00,2017-12-15 23:59:59,2016-12-15 22:40:07,,,自动核保通过,2016-12-15 22:40:07,2016-12-15 22:40:07,2017-12-16 00:49:17
6909,7542,17992,0,6441,6441,5325,1,4956,4857,6,8826,5418,0,2,15,25,35,0,N,0,0,N,N,,N,N,1000000.0,279.0,0.0,279.0,,辽宁省,2016-11-13 21:33:00,2016-11-14 00:00:00,2017-11-13 23:59:59,2016-11-13 21:33:01,,,自动核保通过,2016-11-13 21:33:00,2016-11-13 21:33:01,2017-11-14 01:02:47
9091,9141,399,23,8394,8394,5116,2,12343,1380,6,5487,5234,1,2,0,20,16,0,N,0,0,N,N,,N,N,1000000.0,799.0,0.0,799.0,,河北省,2016-12-14 18:27:25,2016-12-15 00:00:00,2017-12-14 23:59:59,2016-12-14 18:27:25,,,自动核保通过,2016-12-14 18:29:09,2016-12-14 18:29:09,2017-12-15 02:44:28
7228,14999,9698,23,7167,7167,5607,2,11848,2436,6,5493,5372,1,2,0,20,16,0,N,0,0,N,N,,N,N,1000000.0,428.0,0.0,428.0,,江苏省,2016-11-23 21:49:30,2016-11-24 00:00:00,2017-11-23 23:59:59,2016-11-23 21:49:30,,,自动核保通过,2016-11-23 21:53:40,2016-11-23 21:53:41,2017-11-24 02:07:04
11238,2922,13460,0,11330,11330,5613,1,7289,4857,6,5518,5716,0,2,15,25,35,0,N,0,0,N,N,,N,N,1000000.0,279.0,0.0,279.0,,江苏省,2017-01-31 16:34:00,2017-02-01 00:00:00,2018-01-31 23:59:59,2017-01-31 16:34:00,,,自动核保通过,2017-01-31 16:34:00,2017-01-31 16:34:00,2018-02-01 02:37:28
8562,9165,153,23,8439,8439,5673,2,12357,3502,6,5897,5795,1,2,0,20,16,0,N,0,0,N,N,,N,N,1000000.0,428.0,0.0,428.0,,四川省,2016-12-15 14:39:37,2016-12-16 00:00:00,2017-12-15 23:59:59,2016-12-15 14:39:37,,,自动核保通过,2016-12-15 14:39:55,2016-12-15 14:39:55,2017-12-16 03:55:36
15737,4224,14750,8,15627,15627,5465,2,634,4858,6,5971,5571,0,2,18,24,62,0,N,0,0,N,N,1.0,N,N,300000.0,267.0,0.0,267.0,,陕西省,2017-03-23 10:11:24,2017-03-24 00:00:00,2018-03-23 23:59:59,2017-03-23 10:11:24,,,,2017-03-23 10:11:24,2017-03-23 10:11:24,2018-03-24 03:58:55
10347,1734,12152,0,10238,10238,5448,1,6749,4857,2,5763,5588,0,1,15,25,35,0,N,0,0,N,N,,N,N,1000000.0,0.0,0.0,0.0,,浙江省,2017-01-13 10:28:05,2017-01-14 00:00:00,2018-01-13 23:59:59,2017-01-13 10:28:05,2017-01-14 00:00:00,,自动核保通过,2017-01-13 10:28:05,2017-01-13 10:28:05,2018-02-07 16:59:56
12740,10111,1168,29,11476,11475,5447,2,15278,3344,6,5728,5553,1,2,0,20,98,0,N,0,0,N,N,,N,N,1000000.0,235.0,0.0,235.0,,黑龙江省,2017-02-03 15:00:28,2017-02-04 00:00:00,2018-02-03 23:59:59,2017-02-03 15:00:28,,,自动核保通过,2017-02-03 15:03:18,2017-02-03 15:03:19,2018-02-04 03:10:36
11595,10143,1740,55,11485,11484,5540,2,15285,3760,2,5745,5645,1,1,0,20,76,0,N,0,0,N,N,,N,N,1000000.0,799.0,0.0,799.0,,四川省,2017-02-03 21:19:51,2017-02-04 00:00:00,2018-02-03 23:59:59,2017-02-03 21:19:51,2018-01-06 00:00:00,,自动核保通过,2017-02-03 21:21:52,2017-02-03 21:21:52,2018-07-05 11:14:32
9873,1549,11944,0,9803,9803,4711,1,6527,4857,6,5809,5225,0,2,15,25,35,0,N,0,0,N,N,,N,N,1000000.0,279.0,0.0,279.0,,山东省,2017-01-06 22:09:00,2017-01-07 00:00:00,2018-01-06 23:59:59,2017-01-06 22:09:00,,,自动核保通过,2017-01-06 22:09:00,2017-01-06 22:09:00,2018-01-07 02:19:48
6388,7107,17516,6,5055,5055,0,2,13458,4858,6,5268,5103,0,2,18,24,55,0,N,0,0,N,N,,N,N,300000.0,267.0,0.0,267.0,,湖北省,2016-11-05 10:39:33,2016-11-06 00:00:00,2017-11-05 23:59:59,2016-11-05 10:39:57,,,,2016-11-05 10:39:57,2016-11-05 10:39:57,2017-11-06 00:17:13
7214,15027,9688,23,7110,7110,4821,2,11827,2545,6,5182,4963,1,2,0,20,16,0,N,0,0,N,N,,N,N,1000000.0,112.0,0.0,112.0,,辽宁省,2016-11-23 10:01:29,2016-11-24 00:00:00,2017-11-23 23:59:59,2016-11-23 10:01:29,,,自动核保通过,2016-11-23 10:06:35,2016-11-23 10:06:35,2017-11-24 03:15:48
17764,18915,4250,0,18861,18861,4825,0,9738,4857,7,5179,4940,1,2,0,37,35,0,N,0,0,N,N,,N,N,3000000.0,376.0,21.283019,354.716981,,上海市,2017-04-12 09:08:00,2017-04-13 00:00:00,2018-04-12 23:59:59,2017-04-12 09:08:00,,Augeas出单-自动核保通过,自动核保通过,2017-04-12 09:08:00,2017-04-12 09:08:00,2018-05-16 19:01:57
6732,7657,18104,6,6710,6710,0,2,13897,4858,6,5230,5067,0,2,18,24,55,0,N,0,0,N,N,,N,N,300000.0,147.0,0.0,147.0,,吉林省,2016-11-15 18:18:58,2016-11-16 00:00:00,2017-11-15 23:59:59,2016-11-15 18:19:09,,,,2016-11-15 18:19:09,2016-11-15 18:19:09,2017-11-16 01:59:53
14126,16450,2800,29,13855,13855,4903,2,16267,3832,10,5262,5062,1,2,0,36,98,0,N,0,0,N,N,,N,N,3000000.0,1066.0,60.339623,1005.660377,,山东省,2017-03-02 18:04:54,2017-03-03 00:00:00,2018-03-02 23:59:59,2017-03-02 18:04:54,,1.若以有社会医疗保险身份投保，但未以社会医疗保险身份就诊并结算的，本保险按照应 赔付金额的60%进行赔付。 2.本保单疾病治疗的等待期为30天，扁桃腺、甲状腺、疝气、女性生殖系统疾病的检查与治疗等待期为120天。意外医疗及连续投保无等待期。3.退保手续费率35%。,自动核保通过,2017-03-02 18:05:54,2017-03-02 18:05:55,2018-04-09 11:03:32
10819,10403,944,33,10594,10594,4921,2,15009,3721,6,5204,5003,1,2,0,20,64,0,N,0,0,N,N,,N,N,1000000.0,112.0,0.0,112.0,,青海省,2017-01-19 15:43:15,2017-01-20 00:00:00,2018-01-19 23:59:59,2017-01-19 15:43:15,,,自动核保通过,2017-01-19 15:45:09,2017-01-19 15:45:10,2018-01-20 00:54:55
11985,10545,1288,29,13258,13258,6517,2,15407,3553,6,6821,6606,1,2,0,20,98,0,N,0,0,N,N,,N,N,1000000.0,949.0,0.0,949.0,,浙江省,2017-02-09 14:51:48,2017-02-10 00:00:00,2018-02-09 23:59:59,2017-02-09 14:51:48,,,自动核保通过,2017-02-09 14:56:01,2017-02-09 14:56:01,2018-02-10 00:27:13
1199,5285,16319,24,1174,1174,6469,1,12771,4857,6,6807,6575,0,1,15,21,45,0,N,0,0,N,N,,N,N,300000.0,0.0,0.0,0.0,,河南省,2016-09-07 10:58:57,2016-09-08 00:00:00,2017-09-07 23:59:59,2016-09-07 10:58:57,2016-09-12 00:00:00,,自动核保通过,2016-09-07 10:58:57,2016-09-07 10:58:58,2016-09-12 18:02:30
7152,7831,18309,0,7128,7128,6434,1,5214,4857,6,6736,6560,0,2,15,25,35,0,N,0,0,N,N,,N,N,1000000.0,279.0,0.0,279.0,,江苏省,2016-11-22 16:32:00,2016-11-23 00:00:00,2017-11-22 23:59:59,2016-11-22 16:32:00,,,自动核保通过,2016-11-22 16:32:00,2016-11-22 16:32:00,2017-11-23 01:16:30
11972,8542,12964,2,11862,11861,6887,1,18992,4857,6,7194,1,0,2,15,21,72,0,N,0,0,N,N,,N,N,300000.0,363.0,0.0,363.0,,黑龙江省,2017-02-08 19:46:29,2017-02-09 00:00:00,2018-02-08 23:59:59,2017-02-08 19:46:29,,,自动核保通过,2017-02-08 19:46:29,2017-02-08 19:46:29,2018-02-09 02:10:06
13587,10322,2102,29,11953,11952,6853,2,15441,2807,6,7161,6955,1,2,0,20,98,0,N,0,0,N,N,,N,N,1000000.0,474.0,0.0,474.0,,福建省,2017-02-11 12:33:52,2017-02-12 00:00:00,2018-02-11 23:59:59,2017-02-11 12:33:52,,,自动核保通过,2017-02-11 12:34:15,2017-02-11 12:34:15,2018-02-12 03:52:56
5169,5453,17242,24,4631,4631,6661,1,12926,4857,6,6965,6760,0,2,15,20,45,0,N,0,0,N,N,,N,N,1000000.0,428.0,24.226415,403.773585,,湖北省,2016-10-28 07:27:22,2016-10-29 00:00:00,2017-10-28 23:59:59,2016-10-28 07:27:23,,,自动核保通过,2016-10-28 07:27:22,2016-10-28 07:27:23,2017-10-29 02:30:21
6336,14506,9264,23,5903,5903,6603,2,11494,2677,6,6981,6752,1,2,0,20,16,0,N,0,0,N,N,,N,N,1000000.0,272.0,0.0,272.0,,安徽省,2016-11-12 23:38:37,2016-11-13 00:00:00,2017-11-12 23:59:59,2016-11-12 23:38:37,,,自动核保通过,2016-11-12 23:39:46,2016-11-12 23:39:46,2017-11-13 00:28:02
8580,1537,11931,0,9755,9755,6674,1,6498,4857,6,6939,6744,0,2,15,25,35,0,N,0,0,N,N,,N,N,1000000.0,428.0,0.0,428.0,,浙江省,2017-01-05 21:47:00,2017-01-06 00:00:00,2018-01-05 23:59:59,2017-01-05 21:47:00,,,自动核保通过,2017-01-05 21:47:00,2017-01-05 21:47:00,2018-01-06 01:31:19
17007,4687,15346,0,16586,16586,6689,1,9379,4857,6,7062,6850,0,2,15,25,35,0,N,0,0,N,N,,N,N,1000000.0,949.0,0.0,949.0,,河北省,2017-04-01 22:06:00,2017-04-02 00:00:00,2018-04-01 23:59:59,2017-04-01 22:06:00,,,自动核保通过,2017-04-01 22:06:00,2017-04-01 22:06:01,2018-04-02 02:29:53
16758,17667,3383,29,16598,16598,5896,2,17615,3553,6,6919,6021,1,2,0,36,98,0,N,0,0,N,N,,N,N,3000000.0,466.0,26.377358,439.622642,,浙江省,2017-03-31 21:50:31,2017-04-01 00:00:00,2018-03-31 23:59:59,2017-03-31 21:50:31,,1.若以有社会医疗保险身份投保，但未以社会医疗保险身份就诊并结算的，本保险按照应 赔付金额的60%进行赔付。 2.本保单疾病治疗的等待期为30天，扁桃腺、甲状腺、疝气、女性生殖系统疾病的检查与治疗等待期为120天。意外医疗及连续投保无等待期。3.退保手续费率35%。,自动核保通过,2017-03-31 21:52:39,2017-03-31 21:52:40,2018-04-01 00:11:49
18054,18323,4543,29,17847,17847,5895,2,18187,3664,6,6619,6020,1,2,0,36,98,0,N,0,0,N,N,,N,N,3000000.0,466.0,26.377358,439.622642,,四川省,2017-04-15 20:25:47,2017-04-16 00:00:00,2018-04-15 23:59:59,2017-04-15 20:25:47,,1.若以有社会医疗保险身份投保，但未以社会医疗保险身份就诊并结算的，本保险按照应 赔付金额的60%进行赔付。 2.本保单疾病治疗的等待期为30天，扁桃腺、甲状腺、疝气、女性生殖系统疾病的检查与治疗等待期为120天。意外医疗及连续投保无等待期。3.退保手续费率35%。,自动核保通过,2017-04-15 20:29:52,2017-04-15 20:29:53,2018-04-16 02:36:38
13278,16296,2555,29,13129,13129,5860,2,15958,2574,10,6203,5983,1,2,0,36,98,0,N,0,0,N,N,,N,N,3000000.0,286.0,16.188679,269.811321,,山东省,2017-02-23 23:04:15,2017-02-24 00:00:00,2018-02-23 23:59:59,2017-02-23 23:04:15,,1.若以有社会医疗保险身份投保，但未以社会医疗保险身份就诊并结算的，本保险按照应 赔付金额的60%进行赔付。 2.本保单疾病治疗的等待期为30天，扁桃腺、甲状腺、疝气、女性生殖系统疾病的检查与治疗等待期为120天。意外医疗及连续投保无等待期。3.退保手续费率35%。,自动核保通过,2017-02-23 23:06:01,2017-02-23 23:06:01,2018-04-09 10:43:21
16526,18091,3391,29,17697,17697,5974,2,17444,2411,6,6242,6097,1,2,0,36,98,0,N,0,0,N,N,,N,N,3000000.0,286.0,16.188679,269.811321,,广东省,2017-03-29 21:12:40,2017-03-30 00:00:00,2018-03-29 23:59:59,2017-03-29 21:12:40,,1.若以有社会医疗保险身份投保，但未以社会医疗保险身份就诊并结算的，本保险按照应 赔付金额的60%进行赔付。 2.本保单疾病治疗的等待期为30天，扁桃腺、甲状腺、疝气、女性生殖系统疾病的检查与治疗等待期为120天。意外医疗及连续投保无等待期。3.退保手续费率35%。,自动核保通过,2017-03-29 21:16:15,2017-03-29 21:16:15,2018-03-30 03:29:28
18628,15927,5020,0,18498,18498,5988,0,10142,4857,6,6311,6110,1,1,0,26,35,0,N,0,0,N,N,,N,N,1000000.0,0.0,0.0,0.0,,上海市,2017-04-23 06:06:07,2017-04-24 00:00:00,2018-04-23 23:59:59,2017-04-23 06:06:07,2017-04-24 00:00:00,Augeas出单-自动核保通过,自动核保通过,2017-04-23 06:06:07,2017-04-23 06:06:07,2017-05-02 19:04:00
8124,9036,26,23,8535,8535,5949,2,12205,3435,6,6251,6051,1,2,0,20,16,0,N,0,0,N,N,,N,N,1000000.0,799.0,0.0,799.0,,辽宁省,2016-12-08 13:00:22,2016-12-09 00:00:00,2017-12-08 23:59:59,2016-12-08 13:00:22,,,自动核保通过,2016-12-08 13:01:05,2016-12-08 13:01:05,2017-12-09 02:06:14
13350,8751,19135,6,13284,13284,5963,2,14115,4858,6,6249,6049,0,2,23,34,55,0,N,0,0,N,N,,N,N,1000000.0,349.0,0.0,349.0,,福建省,2017-02-24 17:24:05,2017-02-25 00:00:00,2018-02-24 23:59:59,2017-02-24 17:24:05,,,,2017-02-24 17:24:05,2017-02-24 17:24:05,2018-02-25 01:16:13
9075,9135,143,23,8385,8385,6211,2,12325,3486,6,6534,6332,1,2,0,20,16,0,N,0,0,N,N,,N,N,1000000.0,428.0,0.0,428.0,,河北省,2016-12-13 23:38:30,2016-12-14 00:00:00,2017-12-13 23:59:59,2016-12-13 23:38:30,,,自动核保通过,2016-12-13 23:40:29,2016-12-13 23:40:29,2017-12-14 02:04:00
4955,7014,17421,0,4900,4900,6281,1,4494,4857,6,6588,6385,0,2,15,25,35,0,N,0,0,N,N,,N,N,1000000.0,112.0,0.0,112.0,,广西壮族自治区,2016-11-01 17:58:01,2016-11-02 00:00:00,2017-11-01 23:59:59,2016-11-01 17:58:01,,,自动核保通过,2016-11-01 17:58:01,2016-11-01 17:58:01,2017-11-02 02:25:24
2987,6443,16745,0,3440,3440,6261,1,3857,4857,6,6545,6350,0,2,15,25,35,0,N,0,0,N,N,,N,N,1000000.0,474.0,26.830189,447.169811,,贵州省,2016-09-30 16:17:01,2016-10-01 00:00:00,2017-09-30 23:59:59,2016-09-30 16:17:01,,,自动核保通过,2016-09-30 16:17:01,2016-09-30 16:17:01,2017-10-01 01:52:19
